id,total_emp,basic_emp,retail_emp,service_emp,n_HHs,hbo_attr,hbw_attr,nhb_attr,total_attr,car_access,no_car_access
131299706012028,133,133,0,0,2,94.5,159.6,67.7,321.8,147144.55132059017,13430.184099355181
131299702022056,0,0,0,0,22,15.4,0,13.2,28.6,42728.05471571604,66.18488798456464
131299704001002,0,0,0,0,1,0.7,0,0.6,1.3,148918.82206578937,15282.100404165481
131299703013041,0,0,0,0,11,7.7,0,6.6,14.3,139999.89356919838,15.065127184665279
131299702011013,36,36,0,0,40,53.2,43.2,42,138.4,134948.54461334558,137.99931091839707
131299709021005,0,0,0,0,2,1.4,0,1.2,2.6,95376.89935649135,115.58822354662722
131299706012012,0,0,0,0,12,8.4,0,7.2,15.6,145858.0067119078,7691.745907996693
131299708011013,0,0,0,0,8,5.6,0,4.8,10.4,143251.3621315965,355.4290547595261
131299709022008,1,1,0,0,30,21.7,1.2,18.5,41.4,119646.03037225528,54.293979660846254
131299702012033,12,0,0,12,59,83.3,14.4,52.2,149.9,92820.42387651783,148.99965940073372
131299703021022,0,0,0,0,1,0.7,0,0.6,1.3,146952.04957583352,218.82303778554228
131299709022000,0,0,0,0,5,3.5,0,3,6.5,104402.0304717789,31.806046221740566
131299704003025,0,0,0,0,7,4.9,0,4.2,9.1,147645.3064212785,7901.343263239865
131299706021044,4,0,1,3,3,21,4.8,10.7,36.5,146217.5081114101,1333.1132153708597
131299708011014,0,0,0,0,9,6.3,0,5.4,11.7,141737.2469013473,144.19977332993116
131299708011012,0,0,0,0,11,7.7,0,6.6,14.3,141761.60407480175,149.12570220347982
131299703021020,54,54,0,0,43,67.9,64.8,52.8,185.5,143061.73192945402,399.19498041106874
131299707003044,0,0,0,0,26,18.2,0,15.6,33.8,137199.364333585,37.63124869030973
131299701011006,0,0,0,0,7,4.9,0,4.2,9.1,127058.31207831037,51.77244645456712
131299701021018,8,0,4,4,41,76.3,9.6,49,134.9,3528.2454487090495,143.82896042154007
131299706012015,0,0,0,0,1,0.7,0,0.6,1.3,146620.2892204328,9554.040626962951
131299701011012,0,0,0,0,26,18.2,0,15.6,33.8,125599.55590668813,56.539170095327705
131299705004063,0,0,0,0,2,1.4,0,1.2,2.6,148276.7768838714,15371.029110761629
131299705004047,7,0,0,7,3,26.6,8.4,11.6,46.6,148149.7930420821,17903.765130857526
131299706021063,1,0,0,1,2,4.9,1.2,2.6,8.7,147982.45781059485,18888.18067561394
131299703022002,4,4,0,0,2,4.2,4.8,3.2,12.2,146788.12280552072,5914.171292307233
131299709012007,1,0,0,1,17,15.4,1.2,11.6,28.2,134476.25061213577,46.70722820868679
131299709021038,0,0,0,0,7,4.9,0,4.2,9.1,107099.31204928478,1621.957352511454
131299709021037,15,0,11,4,15,116.9,18,66.3,201.2,109089.44574404728,1782.9249212912375
131299708012006,0,0,0,0,1,0.7,0,0.6,1.3,148240.4371787814,14611.39795630213
131299706021062,31,0,1,30,3,115.5,37.2,48.5,201.2,147928.88513013232,19024.18043132749
131299701011033,1,0,1,0,29,28.7,1.2,22.1,51.99999999999999,138094.10659065068,193.7385189258175
131299701012005,0,0,0,0,7,4.9,0,4.2,9.1,141163.72112595753,229.67988554429607
131299708012034,0,0,0,0,3,2.1,0,1.8,3.9,146116.5383587636,4691.806342452766
131299701011020,0,0,0,0,1,0.7,0,0.6,1.3,54821.28125400797,11.33753820748386
131299709022018,0,0,0,0,24,16.8,0,14.4,31.2,121431.16527754966,107.02703230386314
131299701011025,0,0,0,0,13,9.1,0,7.8,16.9,115672.40725222083,30.435796066838137
131299701023024,24,0,0,24,35,108.5,28.8,54.6,191.9,29342.846798013583,191.04317922122266
131299702021005,0,0,0,0,31,21.7,0,18.6,40.3,141479.63978019703,186.3397204574527
131299704003008,0,0,0,0,7,4.9,0,4.2,9.1,145805.2016169682,623.2724697807307
131299703013038,0,0,0,0,2,1.4,0,1.2,2.6,144049.94354913972,387.6322898392135
131299703012020,0,0,0,0,11,7.7,0,6.6,14.3,146920.45386702797,7208.809348047449
131299708012080,7,0,0,7,32,46.9,8.4,29,84.3,147996.26597028464,9462.42818595342
131299706021006,3,0,0,3,5,14,3.6,7.2,24.8,147615.16058918697,14652.417243689413
131299706022053,0,0,0,0,3,2.1,0,1.8,3.9,146068.96413269342,273.63309628841745
131299706011004,0,0,0,0,31,21.7,0,18.6,40.3,140547.7334452004,49.4025645366884
131299706012033,0,0,0,0,3,2.1,0,1.8,3.9,144882.47052082332,770.6650433004062
131299703022000,0,0,0,0,8,5.6,0,4.8,10.4,146560.51036398832,6312.122782042448
131299703013036,2,1,0,1,57,44.1,2.4,36.1,82.6,141149.47335710892,89.30519615811534
131299701021037,0,0,0,0,2,1.4,0,1.2,2.6,14090.331118879432,38.60156745570571
131299705004048,58,3,20,35,9,298.9,69.6,149.9,518.4,148794.62444555433,13466.029029091886
131299703022017,0,0,0,0,12,8.4,0,7.2,15.6,145138.52166356504,1702.6812842526083
131299709012017,0,0,0,0,20,14,0,12,26,97531.45527684382,29.393429222797323
131299708021000,23,5,0,18,118,149.1,27.6,98.5,275.2,91230.40360948193,462.3070384521051
131299701021024,0,0,0,0,34,23.8,0,20.4,44.2,6373.87182082633,43.9850381696407
131299702012028,0,0,0,0,16,11.2,0,9.6,20.8,142896.97595760843,261.03055700201065
131299706022025,4,0,0,4,113,93.1,4.8,73.4,171.3,144891.70109289917,1027.1764769993858
131299704003013,0,0,0,0,1,0.7,0,0.6,1.3,148523.89097946868,467.2485969494878
131299703012026,0,0,0,0,3,2.1,0,1.8,3.9,145074.74991252445,4051.8729831276323
131299702022037,0,0,0,0,1,0.7,0,0.6,1.3,123375.2447216265,1.6909275714349115
131299703011022,112,0,0,112,11,399.7,134.4,163.4,697.5,147124.99802298422,8414.302456139803
131299705003014,0,0,0,0,25,17.5,0,15,32.5,146651.82978746106,2091.3359474972017
131299709022016,0,0,0,0,2,1.4,0,1.2,2.6,142146.55673302393,24.47755712079779
131299702021027,0,0,0,0,39,27.3,0,23.4,50.7,137456.96119552208,84.79207296308046
131299703013003,0,0,0,0,2,1.4,0,1.2,2.6,148215.9794012022,14720.459105823913
131299704003028,0,0,0,0,2,1.4,0,1.2,2.6,147279.95028634364,3158.9526191311907
131299708012000,83,82,0,1,103,133,99.6,104.2,336.8,136836.9367489376,508.07591278994187
131299708022001,0,0,0,0,19,13.3,0,11.4,24.7,147214.68909054634,52.22537976564414
131299701012015,0,0,0,0,8,5.6,0,4.8,10.4,111799.23292843594,13.033813460837312
131299706022008,441,426,0,15,53,387.8,529.2,265.8,1182.8,146166.16166657,2790.886672928132
131299703012053,16,0,7,9,12,98.7,19.2,52.7,170.6,147521.71691938318,7012.053079638332
131299703021013,0,0,0,0,1,0.7,0,0.6,1.3,142587.91319796175,2056.569891268056
131299701023015,0,0,0,0,59,41.3,0,35.4,76.7,6514.6704312496895,84.42936460027626
131299709021064,6,0,6,0,4,53.2,7.2,30.6,91,124716.88047932196,1853.697482211954
131299709011011,0,0,0,0,56,39.2,0,33.6,72.8,109750.31460907392,72.8527841498266
131299702021008,0,0,0,0,12,8.4,0,7.2,15.6,100821.05902678701,16.855379706171615
131299709021000,3,0,0,3,8,16.1,3.6,9,28.7,27203.045440838578,55.90921446007491
131299703013002,0,0,0,0,8,5.6,0,4.8,10.4,147728.32876090487,13549.468256235983
131299702022003,0,0,0,0,14,9.8,0,8.4,18.2,133591.56836809297,59.84878614167514
131299702021022,0,0,0,0,2,1.4,0,1.2,2.6,141329.1417456949,602.2925358307803
131299702022010,0,0,0,0,10,7,0,6,13,129033.28795674637,45.04865954119557
131299703012033,0,0,0,0,41,28.7,0,24.6,53.3,146790.11186065697,733.010146700118
131299706012004,0,0,0,0,8,5.6,0,4.8,10.4,144641.74322879853,5710.2056249859825
131299703012034,0,0,0,0,3,2.1,0,1.8,3.9,146889.63319672563,2843.6249340077734
131299702012002,33,32,0,1,82,83.3,39.6,66.6,189.5,140056.62589287295,216.5179392598178
131299702012040,0,0,0,0,10,7,0,6,13,144957.2202913605,1741.6334473431987
131299703013029,6,0,0,6,52,57.4,7.2,39.6,104.2,146979.645900954,9878.069049393602
131299703023062,0,0,0,0,1,0.7,0,0.6,1.3,145683.84359948532,4561.711548720491
131299703013020,9,0,0,9,67,78.4,10.8,52.8,142,146538.1038197029,13211.197532268643
131299703012031,0,0,0,0,13,9.1,0,7.8,16.9,145874.46342016218,4725.441612890146
131299703011007,0,0,0,0,4,2.8,0,2.4,5.2,147634.01506831232,8849.47799900937
131299703013009,0,0,0,0,17,11.9,0,10.2,22.1,147732.90684935235,13269.1387103053
131299707003035,0,0,0,0,1,0.7,0,0.6,1.3,141371.81176262235,24.201248460062402
131299707004013,0,0,0,0,4,2.8,0,2.4,5.2,137195.58784932707,34.62716624867749
131299701011038,0,0,0,0,1,0.7,0,0.6,1.3,82966.87761626019,16.613918541349506
131299701021061,1,1,0,0,2,2.1,1.2,1.7,5,16058.558064980278,43.02672903148682
131299706022009,0,0,0,0,16,11.2,0,9.6,20.8,148275.4230588391,15085.8164332235
131299701012004,0,0,0,0,30,21,0,18,39,134073.81432800784,173.08911527648314
131299706011025,0,0,0,0,1,0.7,0,0.6,1.3,145285.28651295908,1079.0783649143132
131299709022006,2,0,0,2,41,35.7,2.4,27.4,65.5,133839.0078866653,65.98001189687862
131299705003015,2,0,0,2,27,25.9,2.4,19,47.3,146466.3041718849,1912.0258314522198
131299705001006,0,0,0,0,27,18.9,0,16.2,35.1,147212.56953428988,13384.599849087095
131299705001023,0,0,0,0,1,0.7,0,0.6,1.3,147304.85401109033,8167.165470138585
131299704002028,33,0,0,33,3,117.6,39.6,47.99999999999999,205.2,147654.6780951877,15457.695368646146
131299705004015,0,0,0,0,22,15.4,0,13.2,28.6,147461.84666536382,5569.461161577127
131299702012047,0,0,0,0,10,7,0,6,13,138705.81700364038,300.6393733255961
131299709022036,0,0,0,0,2,1.4,0,1.2,2.6,3616.218436580395,5.339296469247814
131299705004040,0,0,0,0,3,2.1,0,1.8,3.9,147728.81585884053,8233.580801277232
131299703021032,11,11,0,0,1,8.4,13.2,6.1,27.7,145668.65053660492,1733.249254545039
131299708012031,0,0,0,0,56,39.2,0,33.6,72.8,145145.1508952321,503.16301919588204
131299702021015,0,0,0,0,3,2.1,0,1.8,3.9,144193.77992359412,566.0487455547539
131299707003010,0,0,0,0,6,4.2,0,3.6,7.8,134637.90543934223,9.39372786110272
131299705001013,0,0,0,0,10,7,0,6,13,147200.47869639623,7801.589457420218
131299708011009,0,0,0,0,1,0.7,0,0.6,1.3,146175.9097339803,1190.6764216689785
131299709021051,6,6,0,0,3,6.3,7.2,4.8,18.3,108132.11245608339,579.3265737975321
131299707004002,0,0,0,0,5,3.5,0,3,6.5,143700.24796842592,645.9644768658449
131299701023009,1,1,0,0,4,3.5,1.2,2.9,7.6,56727.15561791404,10.432602783822526
131299704003000,2,0,0,2,72,57.4,2.4,45.99999999999999,105.8,147583.52722904106,8980.336984527676
131299709021017,0,0,0,0,10,7,0,6,13,96654.31301430253,116.22241200461386
131299709021063,0,0,0,0,1,0.7,0,0.6,1.3,125280.32933174279,1840.394182040579
131299709021019,0,0,0,0,3,2.1,0,1.8,3.9,104541.11398953688,1530.8533865964237
131299705004032,0,0,0,0,1,0.7,0,0.6,1.3,146768.95301128188,1822.959181479818
131299701021045,0,0,0,0,4,2.8,0,2.4,5.2,76301.30220784413,130.3391070840244
131299709022004,76,76,0,0,19,66.5,91.2,49.4,207.1,62212.96860864102,206.8797417456401
131299701022028,0,0,0,0,3,2.1,0,1.8,3.9,78962.25474614241,18.434791753943312
131299703023003,13,1,4,8,19,75.6,15.6,41.9,133.1,145960.78777811502,2069.795781461596
131299706012017,0,0,0,0,1,0.7,0,0.6,1.3,146952.52550008358,10083.238798863367
131299709022021,0,0,0,0,10,7,0,6,13,127751.36780591364,43.317021896966175
131299709012001,5,5,0,0,23,19.6,6,16.3,41.9,140492.758850744,535.5177278721267
131299702012007,0,0,0,0,6,4.2,0,3.6,7.8,121272.39166137097,14.797162945909802
131299702011031,0,0,0,0,1,0.7,0,0.6,1.3,135295.1580374929,24.61368332935446
131299701012009,0,0,0,0,2,1.4,0,1.2,2.6,130544.10564108298,6.237780754569456
131299709021082,0,0,0,0,13,9.1,0,7.8,16.9,119627.85540070897,1511.2334777043438
131299707003023,0,0,0,0,6,4.2,0,3.6,7.8,132669.67556996335,20.358062013699794
131299705004003,0,0,0,0,2,1.4,0,1.2,2.6,147241.97478437278,9559.848832982168
131299701012000,88,0,0,88,42,337.4,105.6,148.4,591.4,116062.02413190373,597.0320369236958
131299706021066,0,0,0,0,3,2.1,0,1.8,3.9,148150.13879466764,17799.866637265295
131299701011015,1,1,0,0,3,2.8,1.2,2.3,6.3,114476.1351343025,44.68790905319845
131299706021046,0,0,0,0,1,0.7,0,0.6,1.3,147397.06511692144,9777.197410809402
131299704002025,10,0,0,10,16,46.2,12,23.6,81.8,147557.43639538,15221.137986183689
131299702022022,0,0,0,0,2,1.4,0,1.2,2.6,128994.22175314759,8.369863063233282
131299702022032,0,0,0,0,7,4.9,0,4.2,9.1,117815.0574815417,59.1351094389933
131299701021071,0,0,0,0,1,0.7,0,0.6,1.3,1139.713087641742,39.42578440297365
131299706012032,0,0,0,0,16,11.2,0,9.6,20.8,144368.47159197854,477.09507672329687
131299705004069,228,0,9,219,89,904.4,273.6,402.3,1580.3,148620.5540645039,13109.652704291679
131299709011019,9,0,0,9,39,58.8,10.8,36,105.6,139975.95030549547,148.82775539055842
131299705002003,0,0,0,0,14,9.8,0,8.4,18.2,147407.09608482025,9677.20671759681
131299708012042,1,0,0,1,25,21,1.2,16.4,38.6,147145.3766725514,206.5804734038657
131299709021023,4,4,0,0,4,5.6,4.8,4.4,14.8,74125.40037148702,196.54375941028022
131299709021028,0,0,0,0,1,0.7,0,0.6,1.3,111567.39525153299,1.1007975295956758
131299709021083,0,0,0,0,1,0.7,0,0.6,1.3,122445.39171393559,1796.8382153701652
131299703023041,5,0,0,5,14,27.3,6,15.4,48.7,147152.90788756902,3675.1811924357303
131299707002009,0,0,0,0,2,1.4,0,1.2,2.6,108639.69301080352,240.12936843184997
131299709022010,0,0,0,0,4,2.8,0,2.4,5.2,133162.5910508509,27.771451850509052
131299702012003,0,0,0,0,8,5.6,0,4.8,10.4,141069.1696924246,229.68519251293796
131299704002012,3,0,0,3,8,16.1,3.6,9,28.7,147442.28138597915,15433.945871665937
131299709011024,0,0,0,0,3,2.1,0,1.8,3.9,143886.38646394707,44.57903816529505
131299702012016,29,0,10,19,14,160.3,34.8,82,277.1,114344.0990581949,287.98856270992235
131299703013005,0,0,0,0,14,9.8,0,8.4,18.2,148192.28673218813,13623.333670968337
131299707002036,0,0,0,0,10,7,0,6,13,127455.94732245279,319.1092381329549
131299705004007,0,0,0,0,4,2.8,0,2.4,5.2,146319.03337361064,1258.1193555374675
131299702022006,0,0,0,0,14,9.8,0,8.4,18.2,133881.0951060659,54.231920383394794
131299703013042,0,0,0,0,17,11.9,0,10.2,22.1,145141.1560940372,603.2472711566775
131299705004026,0,0,0,0,15,10.5,0,9,19.5,147339.11280819812,8617.6372901561
131299704001035,2,2,0,0,21,16.1,2.4,13.6,32.1,148059.81451699938,19816.73805352366
131299701021020,0,0,0,0,1,0.7,0,0.6,1.3,66550.46567091314,23.08305481735432
131299701021025,6,0,6,0,10,57.4,7.2,34.2,98.8,58677.57631033765,214.86683692758038
131299703023011,5,5,0,0,2,4.9,6,3.7,14.6,146048.80310228065,2519.1967585579237
131299702021006,0,0,0,0,12,8.4,0,7.2,15.6,140549.6628925119,49.92394991447045
131299709022033,0,0,0,0,1,0.7,0,0.6,1.3,134490.25387942127,33.460146382834274
131299709021060,7,0,0,7,2,25.9,8.4,10.999999999999998,45.3,122280.0967970736,1853.203641264471
131299703012017,0,0,0,0,5,3.5,0,3,6.5,146722.81091139486,5919.656674040118
131299703022006,0,0,0,0,7,4.9,0,4.2,9.1,144503.61526925507,3054.3942535142137
131299704002010,0,0,0,0,13,9.1,0,7.8,16.9,147420.30593214606,14993.576151470912
131299704001005,0,0,0,0,2,1.4,0,1.2,2.6,147609.6252596148,11520.212388626822
131299703011003,0,0,0,0,9,6.3,0,5.4,11.7,147623.561445724,9960.500506393882
131299702012008,0,0,0,0,6,4.2,0,3.6,7.8,118416.01453996585,15.22032257184963
131299705004038,0,0,0,0,15,10.5,0,9,19.5,148119.72645686998,14480.754527624584
131299702011004,0,0,0,0,7,4.9,0,4.2,9.1,142308.03053470675,1202.6844358925166
131299704001027,0,0,0,0,15,10.5,0,9,19.5,147563.57355803976,15558.889422553257
131299707003033,158,158,0,0,3,112.7,189.6,80.8,383.1,147843.14503322553,1839.3795373604612
131299709011010,0,0,0,0,5,3.5,0,3,6.5,140023.84715667437,426.40086091800595
131299709022014,15,15,0,0,30,31.5,18,25.5,75,138497.62021486412,109.03330633609602
131299701021044,0,0,0,0,4,2.8,0,2.4,5.2,86634.84959771523,27.233760099849984
131299704004008,0,0,0,0,14,9.8,0,8.4,18.2,142340.0475611726,163.38417678297202
131299702021016,69,0,0,69,1,242.2,82.8,97.2,422.2,144142.1791033619,576.5198585835124
131299709011017,0,0,0,0,29,20.3,0,17.4,37.7,142590.4369063206,381.34688251057355
131299706021048,0,0,0,0,1,0.7,0,0.6,1.3,147432.21014030828,10683.829586710666
131299704001036,0,0,0,0,67,46.9,0,40.2,87.1,148201.22766870834,14885.52393558933
131299705003009,1,0,0,1,2,4.9,1.2,2.6,8.7,147290.98745726218,15813.274724780713
131299706022040,13,9,2,2,2,31.5,15.6,17.9,65,146074.64772914536,1608.593578020722
131299706021034,0,0,0,0,19,13.3,0,11.4,24.7,147293.10356842284,10741.797741996308
131299701011005,0,0,0,0,6,4.2,0,3.6,7.8,123052.13773099793,54.35384836673299
131299701021019,0,0,0,0,1,0.7,0,0.6,1.3,61551.528424172226,11.677243496222793
131299703022008,1,1,0,0,4,3.5,1.2,2.9,7.6,145587.3844455966,997.8559294711366
131299701021041,0,0,0,0,4,2.8,0,2.4,5.2,41592.49921581684,20.671934940896854
131299705004029,0,0,0,0,7,4.9,0,4.2,9.1,147495.99469261605,8964.839607728767
131299709011013,0,0,0,0,7,4.9,0,4.2,9.1,140786.1313183631,177.02163265704542
131299704004002,0,0,0,0,13,9.1,0,7.8,16.9,141863.7159389254,262.97771600282664
131299708012016,0,0,0,0,78,54.6,0,46.8,101.4,143994.963690121,4655.5169797853905
131299702012000,0,0,0,0,5,3.5,0,3,6.5,136645.3356881637,27.019829980582003
131299705002017,0,0,0,0,2,1.4,0,1.2,2.6,148425.94104338912,18944.4231312456
131299703013016,2,0,0,2,12,15.4,2.4,10,27.8,147522.74446887447,16120.959555657264
131299703012055,0,0,0,0,8,5.6,0,4.8,10.4,146352.5059243164,5027.294402356276
131299709022002,0,0,0,0,2,1.4,0,1.2,2.6,21540.658581545413,21.617962147701636
131299707003011,0,0,0,0,2,1.4,0,1.2,2.6,143251.6012050919,446.5855999497174
131299705003001,9,0,0,9,3,33.6,10.8,14.4,58.8,147159.06039994847,6849.184501889278
131299709011015,0,0,0,0,38,26.6,0,22.8,49.4,126847.13952356414,146.12274508147914
131299702011018,1,0,0,1,37,29.4,1.2,23.6,54.2,125067.97469143107,80.10990446398621
131299709021020,0,0,0,0,7,4.9,0,4.2,9.1,94452.13899456055,202.2983890959217
131299703012032,0,0,0,0,18,12.6,0,10.8,23.4,147038.27053351022,1715.3845635959499
131299703022024,0,0,0,0,2,1.4,0,1.2,2.6,146427.47645886664,5808.766067302797
131299706021026,0,0,0,0,13,9.1,0,7.8,16.9,147151.48450409735,11555.497014426363
131299702022047,1,1,0,0,8,6.3,1.2,5.3,12.8,72473.40226712436,12.094682758358461
131299707001004,0,0,0,0,26,18.2,0,15.6,33.8,128215.05766429614,48.14763179222812
131299707002007,2,0,0,2,62,50.4,2.4,39.99999999999999,92.8,32551.043793691566,92.22384362569231
131299705004036,0,0,0,0,7,4.9,0,4.2,9.1,148229.91074120748,16135.403291434059
131299702011033,0,0,0,0,46,32.2,0,27.6,59.8,133304.93727111217,61.94467216211754
131299706022027,1,0,0,1,2,4.9,1.2,2.6,8.7,144470.88110819005,1186.4975341424504
131299709021058,0,0,0,0,8,5.6,0,4.8,10.4,52451.72747181832,17.15771424670066
131299702011039,0,0,0,0,4,2.8,0,2.4,5.2,129721.96347600229,16.42760652167833
131299705002001,0,0,0,0,42,29.4,0,25.2,54.6,147305.16203358932,10514.437907122834
131299709021068,0,0,0,0,6,4.2,0,3.6,7.8,13916.639804543674,9.647749253526516
131299705004041,2,0,0,2,14,16.8,2.4,11.2,30.4,147029.1275900346,5671.700195406876
131299709022035,2,0,0,2,13,16.1,2.4,10.6,29.1,23720.098291542457,28.89159882334642
131299702022034,0,0,0,0,13,9.1,0,7.8,16.9,126525.71384828261,56.56787415231758
131299704002031,3,0,0,3,5,14,3.6,7.2,24.8,147603.67077008347,14513.316108164923
131299706021069,0,0,0,0,2,1.4,0,1.2,2.6,148404.62796155532,20303.4856122407
131299702022030,0,0,0,0,23,16.1,0,13.8,29.9,109.9037489227868,28.879125715442022
131299702022041,0,0,0,0,3,2.1,0,1.8,3.9,135803.91725639676,42.1175337621278
131299703022020,75,75,0,0,25,70,90,52.5,212.5,146034.36070083393,4662.070348092913
131299701022026,0,0,0,0,5,3.5,0,3,6.5,49231.7149304047,25.80556368354081
131299703012064,0,0,0,0,6,4.2,0,3.6,7.8,147109.91978625592,7004.110062641862
131299707002030,0,0,0,0,1,0.7,0,0.6,1.3,125967.39983230682,283.70987442661567
131299705001012,26,12,5,9,32,104.3,31.2,61.3,196.8,147048.8010159348,5551.429037416167
131299706021041,0,0,0,0,1,0.7,0,0.6,1.3,146794.50253469142,1252.8236853894127
131299703021016,1,0,1,0,50,43.4,1.2,34.7,79.3,146572.18670420646,118.41069628775763
131299703021025,0,0,0,0,10,7,0,6,13,146402.62940102964,886.8000360306916
131299701011009,0,0,0,0,8,5.6,0,4.8,10.4,121382.82160204687,69.8925310026965
131299701011035,0,0,0,0,8,5.6,0,4.8,10.4,127684.13367327649,135.7241692299956
131299702022036,0,0,0,0,22,15.4,0,13.2,28.6,133197.65628747424,28.711949471708966
131299707002032,0,0,0,0,12,8.4,0,7.2,15.6,96032.03527268683,50.4002453862125
131299709021054,7,7,0,0,37,30.8,8.4,25.7,64.9,115098.70896257854,1641.7784073295575
131299701021051,0,0,0,0,16,11.2,0,9.6,20.8,9485.74618149089,19.986273270390445
131299708012035,0,0,0,0,1,0.7,0,0.6,1.3,145039.5896624022,426.59124216943576
131299703012052,0,0,0,0,7,4.9,0,4.2,9.1,147673.1268135724,7177.593162852812
131299709021036,20,0,0,20,12,78.4,24,35.2,137.6,109692.74912232975,1781.4480753274383
131299707004020,0,0,0,0,27,18.9,0,16.2,35.1,134612.11000716613,90.14140043168479
131299709021003,0,0,0,0,36,25.2,0,21.6,46.8,38495.62458527751,48.97342508457209
131299708021010,0,0,0,0,14,9.8,0,8.4,18.2,141397.2795807258,24.89834445958239
131299702022060,0,0,0,0,2,1.4,0,1.2,2.6,104671.02362855183,7.7368015103136285
131299701012017,0,0,0,0,7,4.9,0,4.2,9.1,137571.50964653344,33.06405993390277
131299709021026,0,0,0,0,15,10.5,0,9,19.5,55300.89597402623,40.563481952007244
131299709021067,13,0,0,13,4,48.3,15.6,20.6,84.5,115380.7253289917,1734.0195700654137
131299704003023,0,0,0,0,124,86.8,0,74.4,161.2,147818.9754926494,10433.816850153884
131299706021058,0,0,0,0,1,0.7,0,0.6,1.3,148409.2131612946,18632.77201424243
131299701021003,3,0,3,0,93,90.3,3.6,69.9,163.8,1805.8744328055195,163.89398454846636
131299709021012,0,0,0,0,1,0.7,0,0.6,1.3,82498.10631567935,18.95172048753454
131299709011000,10,0,2,8,101,115.5,12,81.2,208.7,140322.95160412576,752.8378165810157
131299702011011,0,0,0,0,11,7.7,0,6.6,14.3,142074.4887865712,729.5020756891698
131299709021078,0,0,0,0,1,0.7,0,0.6,1.3,87612.99014543658,183.70301140777408
131299702022021,0,0,0,0,3,2.1,0,1.8,3.9,132803.17302767234,15.126421077411639
131299702022045,1,1,0,0,3,2.8,1.2,2.3,6.3,44088.35799242169,6.025628497344147
131299705004039,0,0,0,0,24,16.8,0,14.4,31.2,147237.0195458875,9358.402659476169
131299703021018,2,2,0,0,2,2.8,2.4,2.2,7.4,145245.0038121776,128.37496607250205
131299701022008,0,0,0,0,23,16.1,0,13.8,29.9,86457.38838529812,137.2439555301878
131299702012019,0,0,0,0,3,2.1,0,1.8,3.9,133606.4545437701,26.448857403697602
131299704003026,0,0,0,0,1,0.7,0,0.6,1.3,148204.87061456632,17783.489056550345
131299701012011,0,0,0,0,10,7,0,6,13,140359.40968111588,798.0012846186796
131299702012037,0,0,0,0,30,21,0,18,39,142701.23655152912,1449.797339068058
131299709012014,6,0,0,6,83,79.1,7.2,58.2,144.5,123617.2974675117,144.13786418847155
131299709022001,0,0,0,0,4,2.8,0,2.4,5.2,96314.21773022988,37.16258626832116
131299708022002,12,0,1,11,100,116.9,14.4,80.1,211.4,146386.9979591085,915.6762016680543
131299703021006,1,0,1,0,31,30.1,1.2,23.3,54.6,144748.3769769794,350.37677413793
131299706022062,0,0,0,0,9,6.3,0,5.4,11.7,145766.8519651141,1220.844919502891
131299709022012,0,0,0,0,32,22.4,0,19.2,41.6,137087.53384068678,46.38604507499576
131299702022029,0,0,0,0,5,3.5,0,3,6.5,124236.20271579514,6.232410443354739
131299702011008,4,4,0,0,30,23.8,4.8,20,48.6,137098.500005298,226.2021016788111
131299704004001,0,0,0,0,7,4.9,0,4.2,9.1,143846.62165777423,306.8761211209013
131299709022015,0,0,0,0,12,8.4,0,7.2,15.6,139414.15679955654,20.501918874872423
131299708012073,20,0,0,20,1,70.7,24,28.6,123.3,147837.9100795339,5110.740042291053
131299706011010,0,0,0,0,20,14,0,12,26,142403.54492417755,195.42379615481457
131299707002005,0,0,0,0,24,16.8,0,14.4,31.2,34832.249277453426,30.99847212058243
131299703023009,5,1,4,0,1,35,6,19.9,60.9,146708.8907084445,2627.296781878415
131299701012014,0,0,0,0,7,4.9,0,4.2,9.1,124569.75746363915,56.96190525068672
131299701011014,0,0,0,0,10,7,0,6,13,121664.28736537468,55.61077224654093
131299701021012,0,0,0,0,17,11.9,0,10.2,22.1,1789.9276147627772,42.81816983616798
131299708011001,0,0,0,0,3,2.1,0,1.8,3.9,142288.8723278818,279.1090031234342
131299703012048,0,0,0,0,4,2.8,0,2.4,5.2,147280.02569754818,6476.707201590967
131299704004009,5,0,0,5,37,43.4,6,29.2,78.6,146509.64798514804,80.37205752861897
131299704004000,3,3,0,0,121,86.8,3.6,74.1,164.5,127701.02475082742,211.9708895387385
131299708022003,0,0,0,0,12,8.4,0,7.2,15.6,147368.71964379816,82.53881865269044
131299709022031,0,0,0,0,3,2.1,0,1.8,3.9,101901.56391497035,6.010527954791663
131299708012021,0,0,0,0,1,0.7,0,0.6,1.3,143831.81830604144,345.33732870741386
131299703023006,210,143,59,8,2,625.1,252,361.2,1238.3,145492.77764859397,2549.759937542979
131299709012021,0,0,0,0,14,9.8,0,8.4,18.2,133104.22329316373,66.29753332995577
131299701021039,0,0,0,0,18,12.6,0,10.8,23.4,12968.66956684217,35.68105988603686
131299701021043,0,0,0,0,12,8.4,0,7.2,15.6,37169.34564886551,25.84948611019449
131299703012027,2,2,0,0,10,8.4,2.4,7,17.8,146787.1104883388,1372.4573967990837
131299704001000,0,0,0,0,5,3.5,0,3,6.5,146117.5826464927,7947.708046977179
131299703012057,1,0,1,0,56,47.6,1.2,38.3,87.1,146966.87072306595,4460.6938987288795
131299705004027,0,0,0,0,5,3.5,0,3,6.5,147893.7595968084,12507.456800290678
131299703012030,0,0,0,0,10,7,0,6,13,146552.01433708915,1415.9633934622045
131299704001023,0,0,0,0,7,4.9,0,4.2,9.1,148082.3753341422,18405.52622758479
131299703013015,0,0,0,0,20,14,0,12,26,147337.16320734483,15588.53168586782
131299701023021,0,0,0,0,14,9.8,0,8.4,18.2,15839.125882775666,18.430383593979556
131299702022064,17,14,3,0,47,67.9,20.4,49.3,137.6,145489.70190078692,345.1599260668793
131299706021015,834,797,0,37,2,688.8,1000.8,451.5,2141.1,145996.8140758702,7853.896840764795
131299701012016,0,0,0,0,1,0.7,0,0.6,1.3,141662.84312781176,231.25359756787063
131299708012018,0,0,0,0,1,0.7,0,0.6,1.3,143871.9350358575,382.34295423212825
131299704001001,34,0,18,16,97,275.1,40.8,165.2,481.1,147012.30136645184,11223.374299242909
131299708011003,0,0,0,0,12,8.4,0,7.2,15.6,140040.14166759895,108.56640756112496
131299704001034,2,0,0,2,18,19.6,2.4,13.6,35.6,147864.62947189482,17491.164806426856
131299701021042,0,0,0,0,2,1.4,0,1.2,2.6,33470.66002605841,6.654398273861356
131299705004064,0,0,0,0,8,5.6,0,4.8,10.4,147942.00770938877,12488.948149326283
131299703023044,0,0,0,0,12,8.4,0,7.2,15.6,141995.71349458728,17.149403192193173
131299701021049,0,0,0,0,5,3.5,0,3,6.5,35182.32542970958,190.82400995643084
131299709021027,0,0,0,0,27,18.9,0,16.2,35.1,46466.07613040405,43.497279980987315
131299702011012,4,4,0,0,33,25.9,4.8,21.8,52.5,141502.57547077435,1356.3864884245202
131299703022001,89,28,0,61,65,278.6,106.8,138.4,523.8,144799.22114604962,2941.5389013439994
131299702021004,0,0,0,0,2,1.4,0,1.2,2.6,144035.08737645802,504.9109269366267
131299707004008,3,2,0,1,21,19.6,3.6,15,38.2,132142.8982521146,41.77274171607078
131299708021006,3,0,3,0,10,32.2,3.6,20.1,55.9,146873.60761527857,207.40926575899496
131299708012043,0,0,0,0,1,0.7,0,0.6,1.3,148637.3205590028,6386.649947823836
131299708022013,298,297,0,1,7,216.3,357.6,154.1,728,147488.813830798,1260.9254617422412
131299705001022,0,0,0,0,19,13.3,0,11.4,24.7,147255.79201485947,8433.03187148075
131299706011014,0,0,0,0,68,47.6,0,40.8,88.4,145489.05548464484,830.3827949179016
131299701021059,0,0,0,0,5,3.5,0,3,6.5,27320.84029150253,26.208946711580253
131299706022000,333,11,111,211,45,1710.1,399.6,849.6,2959.3,148668.4756841396,15720.72171938758
131299703013024,1,1,0,0,4,3.5,1.2,2.9,7.6,147599.16693159848,16223.443698974814
131299707002035,0,0,0,0,3,2.1,0,1.8,3.9,137889.26421250732,120.64308397580496
131299709021040,0,0,0,0,2,1.4,0,1.2,2.6,94422.79063656031,1008.2258989763525
131299703023012,5,5,0,0,1,4.2,6,3.1,13.3,146719.3793946344,2550.6078452845836
131299703012007,0,0,0,0,1,0.7,0,0.6,1.3,147488.65515325314,4029.6348950182874
131299701023014,1,1,0,0,13,9.8,1.2,8.3,19.3,20121.23781080885,25.697174177074135
131299701011023,0,0,0,0,11,7.7,0,6.6,14.3,72824.62866959408,14.025800848336925
131299708012074,294,0,283,11,25,2433.2,352.8,1360.5,4146.5,148794.30139735265,9300.85943494652
131299709021072,0,0,0,0,6,4.2,0,3.6,7.8,42322.4319586198,28.366876660524174
131299709022026,0,0,0,0,15,10.5,0,9,19.5,118526.44580331213,24.380013953932565
131299706012011,0,0,0,0,5,3.5,0,3,6.5,139985.55161230842,327.5995446227478
131299702012045,0,0,0,0,11,7.7,0,6.6,14.3,143338.73067695065,408.73459718123576
131299707001013,0,0,0,0,34,23.8,0,20.4,44.2,145072.3842951995,421.66092072634245
131299703011009,0,0,0,0,9,6.3,0,5.4,11.7,148001.26286452956,10508.411762973288
131299702011019,0,0,0,0,3,2.1,0,1.8,3.9,121672.79257087967,44.39299368474806
131299703021035,0,0,0,0,5,3.5,0,3,6.5,146295.90113865802,154.4469682417703
131299702022053,0,0,0,0,3,2.1,0,1.8,3.9,94376.11833630824,12.575725511586262
131299707002031,0,0,0,0,24,16.8,0,14.4,31.2,125215.90452514896,270.01872078263904
131299703012046,0,0,0,0,10,7,0,6,13,146990.62551543736,6903.497816919662
131299706021037,12,0,0,12,4,44.8,14.4,19.2,78.4,148029.69955496147,16412.600304567954
131299701023030,0,0,0,0,17,11.9,0,10.2,22.1,31391.40164944987,25.984456701976622
131299707001002,0,0,0,0,21,14.7,0,12.6,27.3,134794.69326681003,106.30711246715262
131299707003031,0,0,0,0,12,8.4,0,7.2,15.6,141546.1106876587,33.21219634602093
131299709022039,0,0,0,0,1,0.7,0,0.6,1.3,52740.76815459088,1.027067221530807
131299705001004,0,0,0,0,10,7,0,6,13,146791.44283730126,9769.522793188899
131299702022054,0,0,0,0,1,0.7,0,0.6,1.3,87895.07343050322,16.958242322911705
131299707003001,0,0,0,0,18,12.6,0,10.8,23.4,144027.6655984751,872.8093892704663
131299703012016,0,0,0,0,1,0.7,0,0.6,1.3,146790.41586486125,5427.835590748012
131299703011010,0,0,0,0,1,0.7,0,0.6,1.3,147231.91792651848,7077.693794485258
131299708022014,0,0,0,0,42,29.4,0,25.2,54.6,136278.68650234205,94.6993670505276
131299702012034,0,0,0,0,1,0.7,0,0.6,1.3,131158.29109944066,0.9999693739397545
131299703012061,0,0,0,0,4,2.8,0,2.4,5.2,146816.69799204855,6120.165177155851
131299701023012,0,0,0,0,9,6.3,0,5.4,11.7,18281.49440510825,24.099843821106823
131299701023034,0,0,0,0,3,2.1,0,1.8,3.9,58049.67100938454,19.415593481040453
131299704001029,1331,0,0,1331,91,4722.2,1597.2,1917.9999999999998,8237.4,146938.31423730866,12045.689159637948
131299708012057,8,0,0,8,5,31.5,9.6,14.2,55.3,148590.66600003425,7914.4499612649925
131299708012022,0,0,0,0,14,9.8,0,8.4,18.2,146219.2103902654,7861.901757837582
131299709012000,0,0,0,0,6,4.2,0,3.6,7.8,141495.4358947771,90.87191262217692
131299708022022,2,0,0,2,32,29.4,2.4,22,53.8,136293.96192793816,53.06080222395158
131299708022016,51,43,8,0,25,114.8,61.2,74.1,250.1,140586.01702738923,250.54402288474557
131299701022011,0,0,0,0,18,12.6,0,10.8,23.4,31146.728916108998,22.998768849545375
131299701021048,0,0,0,0,4,2.8,0,2.4,5.2,73465.85755284474,216.15075157563052
131299704003010,0,0,0,0,3,2.1,0,1.8,3.9,146040.3764851742,389.3262603121209
131299709022038,0,0,0,0,2,1.4,0,1.2,2.6,18462.77348941399,3.6661738684446457
131299709022042,2,0,2,0,6,21,2.4,13,36.4,82382.49481932592,36.22506308548713
131299703011002,0,0,0,0,9,6.3,0,5.4,11.7,147576.2974994802,9384.70797989352
131299703023060,0,0,0,0,2,1.4,0,1.2,2.6,146456.03364894394,1525.143036146875
131299702021035,0,0,0,0,9,6.3,0,5.4,11.7,144318.0555036567,158.97734029307867
131299701022018,0,0,0,0,5,3.5,0,3,6.5,55956.56506318369,6.598698282858384
131299704004012,24,23,0,1,119,102.9,28.8,84.3,216,144426.407381168,395.4450141169848
131299707003018,0,0,0,0,17,11.9,0,10.2,22.1,131990.08645604615,38.11968042241999
131299706021021,5,0,0,5,59,58.8,6,42.4,107.2,146754.39367084307,1210.4992572993858
131299707001001,0,0,0,0,18,12.6,0,10.8,23.4,140224.99680837325,39.68166088586675
131299708011006,3,3,0,0,96,69.3,3.6,59.1,131.99999999999997,131288.7338565535,211.39371964836292
131299704002013,0,0,0,0,6,4.2,0,3.6,7.8,147596.44681528705,16491.03951524137
131299701011001,0,0,0,0,8,5.6,0,4.8,10.4,81658.24540037,25.08938985176527
131299709021042,0,0,0,0,5,3.5,0,3,6.5,41871.47912946578,21.57921262251833
131299706012009,0,0,0,0,4,2.8,0,2.4,5.2,143814.0767243121,351.8699362739683
131299701011013,0,0,0,0,20,14,0,12,26,127117.90243544462,30.765003907842036
131299709021080,0,0,0,0,1,0.7,0,0.6,1.3,116116.38545949159,1279.974430081305
131299709021035,0,0,0,0,7,4.9,0,4.2,9.1,114047.73644332023,1836.5693636445094
131299706012008,0,0,0,0,2,1.4,0,1.2,2.6,142415.889435956,305.209108472824
131299701021054,0,0,0,0,4,2.8,0,2.4,5.2,68811.99238564973,213.06893717579996
131299708012084,0,0,0,0,1,0.7,0,0.6,1.3,144030.80687869355,289.1870644920183
131299703012038,0,0,0,0,4,2.8,0,2.4,5.2,147329.1223241666,7327.179044886545
131299704001011,4,0,4,0,6,37.8,4.8,22.4,65,147293.79362375117,8180.49714147587
131299702022018,0,0,0,0,1,0.7,0,0.6,1.3,128304.5659570835,60.99292052182094
131299706011017,0,0,0,0,1,0.7,0,0.6,1.3,146515.01654769148,2471.831140801634
131299705001024,3,0,0,3,3,12.6,3.6,5.999999999999999,22.2,148141.85756045024,11173.29678739092
131299708011010,0,0,0,0,1,0.7,0,0.6,1.3,142406.14900093968,126.91927191108584
131299706022024,0,0,0,0,10,7,0,6,13,143677.21425148525,305.1031457235617
131299703013040,0,0,0,0,5,3.5,0,3,6.5,141596.9701894675,98.38000175429175
131299703021012,0,0,0,0,38,26.6,0,22.8,49.4,144397.03524858566,141.87347487096244
131299702021010,0,0,0,0,14,9.8,0,8.4,18.2,139668.13899073124,269.2790740910113
131299705004010,0,0,0,0,6,4.2,0,3.6,7.8,146705.13107014608,5459.607027338351
131299706022010,5,5,0,0,7,8.4,6,6.7,21.1,148089.7763188023,11165.638049528377
131299702021029,0,0,0,0,17,11.9,0,10.2,22.1,140233.6499938211,119.5711035362924
131299702022008,1,1,0,0,47,33.6,1.2,28.7,63.5,121289.19395955517,63.36763195356274
131299702022033,0,0,0,0,1,0.7,0,0.6,1.3,567.4111271318186,0.9982185664691369
131299705004060,114,0,38,76,1,585.9,136.8,285.6,1008.3,147885.35400997536,12701.436910013752
131299704001015,61,13,0,48,1,177.8,73.2,74.3,325.3,147401.04489014085,19202.623899505626
131299705001002,0,0,0,0,2,1.4,0,1.2,2.6,146867.0127387847,8656.799918692872
131299704001026,0,0,0,0,1,0.7,0,0.6,1.3,147684.076415628,15934.390926491444
131299705004018,0,0,0,0,18,12.6,0,10.8,23.4,146801.98084511043,6583.008859762003
131299709022030,0,0,0,0,3,2.1,0,1.8,3.9,99571.07656663493,4.036280566522657
131299702011030,0,0,0,0,13,9.1,0,7.8,16.9,139397.33100600302,109.64490654086372
131299703012043,0,0,0,0,1,0.7,0,0.6,1.3,147003.14087225846,6851.9697015554675
131299708012029,0,0,0,0,2,1.4,0,1.2,2.6,144089.73268966653,292.13588657588116
131299704003009,0,0,0,0,11,7.7,0,6.6,14.3,147095.0581936975,2659.2382979171707
131299706011013,0,0,0,0,14,9.8,0,8.4,18.2,143269.3140846587,461.1471217463579
131299701023031,0,0,0,0,8,5.6,0,4.8,10.4,45977.05538462666,13.58919998031985
131299706022002,1228,1219,7,2,2,920.5,1473.6,646.4,3040.5,147297.46494461352,15678.858968605937
131299702012056,2,0,0,2,30,28,2.4,20.8,51.2,136259.67377281561,51.09345649568412
131299704002003,0,0,0,0,6,4.2,0,3.6,7.8,148227.18104559343,16925.111744893435
131299705004011,0,0,0,0,7,4.9,0,4.2,9.1,146354.9185777568,2816.0973146198885
131299702011025,0,0,0,0,65,45.5,0,39,84.5,143739.8594651569,105.84096684621716
131299702021014,0,0,0,0,17,11.9,0,10.2,22.1,143454.20613289304,572.0446803925422
131299702021036,0,0,0,0,11,7.7,0,6.6,14.3,144023.9213398494,247.2359789904179
131299703012029,0,0,0,0,22,15.4,0,13.2,28.6,146514.4717222674,4933.560111807245
131299709021002,0,0,0,0,3,2.1,0,1.8,3.9,69296.90585774358,18.719004232237847
131299706022041,0,0,0,0,1,0.7,0,0.6,1.3,146756.4550408707,1553.248447392288
131299709012010,0,0,0,0,11,7.7,0,6.6,14.3,144885.44591447306,115.69295366349324
131299708021008,0,0,0,0,10,7,0,6,13,146349.13204485376,16.142914395730642
131299702021041,0,0,0,0,8,5.6,0,4.8,10.4,144585.56027861935,340.4010214424055
131299709011006,0,0,0,0,17,11.9,0,10.2,22.1,139402.61800143245,495.74453064409954
131299703023036,0,0,0,0,1,0.7,0,0.6,1.3,147538.63512770762,4198.869284293344
131299709021055,0,0,0,0,6,4.2,0,3.6,7.8,121745.97839691406,1793.746027169339
131299709022009,0,0,0,0,16,11.2,0,9.6,20.8,6923.26091606085,28.813064299722946
131299707001011,75,0,0,75,9,268.8,90,110.4,469.2,141210.5277241523,756.3600537352487
131299706022055,69,69,0,0,1,49,82.8,35.1,166.9,147309.71874185133,3022.4728010034955
131299703013018,21,0,18,3,2,163.1,25.2,90.00000000000001,278.3,147740.44542252613,16166.314017244416
131299709021053,0,0,0,0,8,5.6,0,4.8,10.4,114812.03157897193,1136.5926204841292
131299709011009,1,1,0,0,25,18.2,1.2,15.5,34.9,138904.79747062878,863.0748803930121
131299703023056,0,0,0,0,1,0.7,0,0.6,1.3,147558.14072738815,3593.3798815345017
131299703021023,5,4,0,1,77,60.2,6,49.6,115.8,142678.5479362798,298.28639989666266
131299703021019,0,0,0,0,7,4.9,0,4.2,9.1,146551.3940856543,594.1215675148973
131299706011009,0,0,0,0,19,13.3,0,11.4,24.7,133843.2440772547,140.28071132429778
131299706012025,19,0,10,9,96,182.7,22.8,117.2,322.7,146600.98012151947,11545.187854779038
131299708012036,0,0,0,0,5,3.5,0,3,6.5,145352.52519235454,989.317649066791
131299709022013,0,0,0,0,5,3.5,0,3,6.5,141424.51288933237,52.83229532465921
131299703012025,0,0,0,0,12,8.4,0,7.2,15.6,145995.01196967918,4225.994809950877
131299704001004,0,0,0,0,14,9.8,0,8.4,18.2,148348.87025330684,9636.123954399329
131299704001003,25,0,0,25,24,104.3,30,49.4,183.7,149008.84500364773,16590.085966167764
131299707004000,0,0,0,0,6,4.2,0,3.6,7.8,136411.12660464234,464.45359100397934
131299705001016,0,0,0,0,64,44.8,0,38.4,83.2,147209.9976349977,6397.688101109629
131299706021049,0,0,0,0,4,2.8,0,2.4,5.2,146896.541782666,8266.95500942677
131299701022001,0,0,0,0,20,14,0,12,26,33346.111298285155,64.68063340775012
131299705004065,0,0,0,0,1,0.7,0,0.6,1.3,148050.2733568668,13160.478600836022
131299706012000,15,0,4,11,39,99.4,18,57.6,175,146684.61868756512,12208.38520836601
131299708021002,7,0,2,5,107,109.2,8.4,80.6,198.2,139562.13682070017,205.75509376291538
131299701023019,0,0,0,0,4,2.8,0,2.4,5.2,30447.555005441638,19.101424442489776
131299706012031,0,0,0,0,9,6.3,0,5.4,11.7,143991.282916154,527.2041526834302
131299703022016,0,0,0,0,6,4.2,0,3.6,7.8,146799.8163722833,3217.674247046644
131299702022012,3,2,0,1,56,44.1,3.6,36,83.7,69436.56916508618,83.4663895134929
131299708011015,0,0,0,0,46,32.2,0,27.6,59.8,130679.67791147588,117.83669636635729
131299702012006,0,0,0,0,4,2.8,0,2.4,5.2,106569.36958114353,5.057176994353246
131299704001018,0,0,0,0,2,1.4,0,1.2,2.6,147790.451024647,17960.939412499214
131299706012014,0,0,0,0,41,28.7,0,24.6,53.3,146356.40254849382,9389.871244736869
131299708022004,0,0,0,0,2,1.4,0,1.2,2.6,147899.1583813748,1647.9201092785092
131299707003019,22,22,0,0,42,44.8,26.4,36.2,107.4,125858.06518791587,107.20879193165959
131299703022011,1,0,0,1,15,14,1.2,10.4,25.6,145911.84441451507,6155.586250597797
131299705004009,0,0,0,0,9,6.3,0,5.4,11.7,146707.95271612908,4207.450536815875
131299705004012,0,0,0,0,10,7,0,6,13,147264.3808569642,7340.190013221234
131299707002015,0,0,0,0,7,4.9,0,4.2,9.1,131639.01833192847,329.98864246867396
131299708012003,33,0,13,20,7,184.1,39.6,93.3,317,147365.29256556943,5719.456856826508
131299701023000,0,0,0,0,11,7.7,0,6.6,14.3,20260.988650986506,27.69746756204476
131299706012023,0,0,0,0,8,5.6,0,4.8,10.4,146693.04394088505,10903.459601244112
131299709012013,1,0,0,1,15,14,1.2,10.4,25.6,140902.93798759847,154.96493404958258
131299702022011,1,1,0,0,10,7.7,1.2,6.5,15.4,127516.60996814913,44.670696427163534
131299702022046,0,0,0,0,10,7,0,6,13,31162.399835841337,13.01190008292507
131299707003043,0,0,0,0,5,3.5,0,3,6.5,147239.972091548,1006.1343801867506
131299702012048,0,0,0,0,36,25.2,0,21.6,46.8,128941.87007989979,81.53698459804929
131299706021014,2,2,0,0,2,2.8,2.4,2.2,7.4,147264.45384798603,12728.257602682945
131299704003016,0,0,0,0,22,15.4,0,13.2,28.6,146041.03373111848,44.03540729431955
131299703013033,0,0,0,0,6,4.2,0,3.6,7.8,141817.4587772282,387.8657151463743
131299709022011,0,0,0,0,8,5.6,0,4.8,10.4,117738.8842561585,31.764639418172028
131299703013034,0,0,0,0,1,0.7,0,0.6,1.3,141307.63100307292,88.34638278575223
131299702021028,0,0,0,0,27,18.9,0,16.2,35.1,139646.88959884658,97.13767876760254
131299709021046,0,0,0,0,5,3.5,0,3,6.5,87196.9388874045,69.23572317140665
131299701021008,0,0,0,0,1,0.7,0,0.6,1.3,13389.209510096687,1.3439787024358836
131299709021014,7,7,0,0,8,10.5,8.4,8.3,27.2,79525.73277927247,41.03143244518714
131299701022017,5,5,0,0,3,5.6,6,4.3,15.9,27256.918746918698,14.998925192603513
131299703023017,0,0,0,0,2,1.4,0,1.2,2.6,146189.96016552663,1929.3517569543305
131299703012063,0,0,0,0,1,0.7,0,0.6,1.3,144777.35011907178,2497.6918529751256
131299707001012,0,0,0,0,11,7.7,0,6.6,14.3,142108.99974869625,791.446207137276
131299706012003,0,0,0,0,20,14,0,12,26,147155.15457737018,8859.138201396943
131299706022057,0,0,0,0,35,24.5,0,21,45.5,145586.4696913414,1099.8721996236634
131299709022017,0,0,0,0,11,7.7,0,6.6,14.3,144401.8184130262,37.13361508457031
131299706021071,0,0,0,0,1,0.7,0,0.6,1.3,148347.35020799367,19335.268534812
131299703011012,0,0,0,0,8,5.6,0,4.8,10.4,147578.1962527077,9795.334328864536
131299706021012,19,0,13,6,8,135.8,22.8,74.3,232.9,148023.23522627202,15926.705346227513
131299702022057,3,3,0,0,13,11.2,3.6,9.3,24.1,80230.7664612539,87.42120318194578
131299701022009,2,0,0,2,54,44.8,2.4,35.2,82.4,111162.23049069259,82.03756015010103
131299706011018,0,0,0,0,6,4.2,0,3.6,7.8,146433.621624921,4408.166991727768
131299701011026,0,0,0,0,11,7.7,0,6.6,14.3,121170.45284328844,30.519498943091122
131299708011005,2,2,0,0,146,103.6,2.4,88.6,194.6,141955.8413262749,263.0421817308577
131299702021040,0,0,0,0,4,2.8,0,2.4,5.2,143912.88654553716,370.4290569412677
131299704003014,0,0,0,0,8,5.6,0,4.8,10.4,147557.50506212856,6815.407438077235
131299704002014,0,0,0,0,1,0.7,0,0.6,1.3,147765.92256985937,16725.59180975383
131299702021031,3,3,0,0,15,12.6,3.6,10.5,26.7,142772.2762528011,235.19381370694398
131299705004045,0,0,0,0,1,0.7,0,0.6,1.3,148271.21575214248,21091.961022316453
131299708011004,0,0,0,0,15,10.5,0,9,19.5,142891.1946209077,152.36661950173263
131299709012022,0,0,0,0,32,22.4,0,19.2,41.6,102759.97766563883,59.264232808454544
131299704003005,0,0,0,0,1,0.7,0,0.6,1.3,149009.0247197251,13470.220481116696
131299707002013,0,0,0,0,4,2.8,0,2.4,5.2,134114.33432561634,308.8881500155487
131299702022042,6,6,0,0,23,20.3,7.2,16.8,44.3,128818.73786607927,47.56718122005414
131299702011023,0,0,0,0,51,35.7,0,30.6,66.3,125507.43427931037,69.4635864651353
131299701021062,0,0,0,0,7,4.9,0,4.2,9.1,13992.949727306943,47.276516113696225
131299705004050,0,0,0,0,13,9.1,0,7.8,16.9,148292.38519092926,13620.500837656957
131299703012035,77,77,0,0,10,60.9,92.4,44.5,197.8,146805.26549806382,4527.974623165593
131299703021008,6,0,0,6,13,30.1,7.2,16.2,53.5,144270.1773781958,132.16865795332814
131299703011000,34,0,8,26,351,403.9,40.8,284.6,729.3,146389.25288737804,4832.056773609548
131299701012003,0,0,0,0,6,4.2,0,3.6,7.8,143392.03502816593,218.84604828554515
131299702021032,4,4,0,0,68,50.4,4.8,42.8,97.99999999999999,138062.9681101778,456.5605393321615
131299703021011,0,0,0,0,44,30.8,0,26.4,57.2,140746.99442362806,110.67280811812105
131299703013023,3,3,0,0,36,27.3,3.6,23.1,54,146996.87322893806,13777.864817018266
131299704001007,25,0,2,23,27,116.2,30,57.8,204,148450.29670358836,16504.17296225324
131299709012015,0,0,0,0,21,14.7,0,12.6,27.3,120912.60834086283,70.94839731379697
131299705004025,0,0,0,0,13,9.1,0,7.8,16.9,147662.55149770062,9843.49050297691
131299701011004,0,0,0,0,11,7.7,0,6.6,14.3,121060.13522334432,35.74489304631648
131299701021028,0,0,0,0,13,9.1,0,7.8,16.9,41109.74767740915,27.11241405403927
131299702021009,9,9,0,0,11,14,10.8,11.1,35.9,131538.47876633718,59.80038718366771
131299709022007,1,0,0,1,26,21.7,1.2,17,39.9,138202.13604510107,54.765431194678165
131299706011001,0,0,0,0,1,0.7,0,0.6,1.3,139982.60480185406,14.623460168999742
131299708012040,0,0,0,0,1,0.7,0,0.6,1.3,144225.87396049447,188.1914206986
131299702022020,0,0,0,0,20,14,0,12,26,122868.86768365743,26.631898735334605
131299706012007,10,6,0,4,119,101.5,12,79.99999999999999,193.5,143181.78660027182,298.81659245330565
131299709021047,0,0,0,0,16,11.2,0,9.6,20.8,72186.97387642242,52.607677576476796
131299704001014,41,0,0,41,76,196.7,49.2,103,348.9,147946.94585818594,13075.803010189971
131299708012030,0,0,0,0,1,0.7,0,0.6,1.3,146102.74720252465,3449.212282162915
131299701022005,0,0,0,0,8,5.6,0,4.8,10.4,112458.31715932512,105.80596950571494
131299706021051,190,190,0,0,1,133.7,228,95.6,457.3,148213.77899194183,10309.130908585066
131299702012029,0,0,0,0,11,7.7,0,6.6,14.3,141296.29488935796,237.67359755871126
131299701021026,0,0,0,0,5,3.5,0,3,6.5,65973.07591188881,13.531372507393092
131299709021015,0,0,0,0,6,4.2,0,3.6,7.8,111721.99206811869,1492.457611229436
131299707003021,3,0,0,3,14,20.3,3.6,12.6,36.5,141810.92409533315,81.96535239721318
131299709011026,8,8,0,0,8,11.2,9.6,8.8,29.6,144938.3663065424,993.4660918881185
131299702012010,0,0,0,0,20,14,0,12,26,101037.12957468467,32.22899962422469
131299709021021,0,0,0,0,1,0.7,0,0.6,1.3,108043.16413642575,20.13674970714253
131299704002027,6,0,0,6,4,23.8,7.2,10.8,41.8,148022.22355014025,16070.793770076865
131299709021011,1,0,1,0,5,11.9,1.2,7.7,20.8,80013.22542725205,89.57180104536867
131299706021060,0,0,0,0,21,14.7,0,12.6,27.3,147498.92873254363,15948.684417893723
131299707002006,1,0,0,1,46,35.7,1.2,28.999999999999996,65.9,32714.844262161834,66.06842814058425
131299702021021,0,0,0,0,12,8.4,0,7.2,15.6,142824.48572206995,1099.4928789967184
131299703012051,0,0,0,0,3,2.1,0,1.8,3.9,147342.52038790096,7005.43832397306
131299709022043,0,0,0,0,10,7,0,6,13,105607.1830863717,40.38028557958828
131299709011020,0,0,0,0,21,14.7,0,12.6,27.3,137267.28493194707,71.45348915346005
131299706012005,0,0,0,0,19,13.3,0,11.4,24.7,143188.70539885474,212.3109542103196
131299705001020,0,0,0,0,7,4.9,0,4.2,9.1,147208.57441546646,8521.447918884553
131299701012012,1,1,0,0,12,9.1,1.2,7.7,17.999999999999996,103969.88978385777,17.502900769420705
131299704002004,2,0,0,2,6,11.2,2.4,6.4,20,147442.4571265248,15711.04690305701
131299706012026,330,0,0,330,33,1178.1,396,481.8,2055.9,147171.48410149603,13105.571933006328
131299705004030,0,0,0,0,6,4.2,0,3.6,7.8,146377.9092594509,2463.300805185069
131299702011020,0,0,0,0,29,20.3,0,17.4,37.7,113752.76958853872,74.79735719247388
131299706022059,3,3,0,0,26,20.3,3.6,17.1,41,145240.2516579168,1172.3674057485143
131299708021004,12,12,0,0,15,18.9,14.4,15,48.3,146934.1009707944,62.66947301312697
131299703011019,88,88,0,0,1,62.3,105.6,44.6,212.5,147190.8217435195,7262.886820338638
131299704003021,0,0,0,0,12,8.4,0,7.2,15.6,148194.0129171685,12613.093158181362
131299701022003,22,20,0,2,27,39.9,26.4,29,95.3,116193.15737078348,105.23641530357449
131299708021001,13,7,0,6,22,41.3,15.6,25.1,82,146721.25237389465,91.09937801299957
131299704003019,49,0,29,20,2,315,58.8,165.5,539.3,148669.659237475,18016.569498488538
131299705002008,4,0,3,1,2,30.1,4.8,16.7,51.6,148205.55868942893,18956.121142487667
131299702022023,412,412,0,0,26,306.6,494.4,221.6,1022.6,139104.7253908432,1065.0427668855557
131299701021002,0,0,0,0,17,11.9,0,10.2,22.1,1288.8725109826564,43.061772184761736
131299703012006,0,0,0,0,8,5.6,0,4.8,10.4,146612.62228611406,4456.098232058112
131299703022014,4,0,4,0,143,133.7,4.8,104.6,243.1,144851.80892903722,588.7117955658672
131299709012005,0,0,0,0,5,3.5,0,3,6.5,147382.4892562528,73.15752758812711
131299706021031,19,14,3,2,50,77,22.8,53.9,153.7,147385.91416116338,9567.138339565081
131299707003022,0,0,0,0,1,0.7,0,0.6,1.3,135864.73957490604,14.44243212754584
131299706021033,3,0,0,3,29,30.8,3.6,21.6,56,147561.25800672537,13178.28814629975
131299704002030,45,0,6,39,1,187.6,54,83.4,325,147994.15773003816,15073.054505554848
131299706011000,1,0,0,1,62,46.9,1.2,38.6,86.7,133717.65900597273,293.17497948231016
131299704001008,1,0,0,1,1,4.2,1.2,2,7.4,148439.79380211578,17491.727433196556
131299703022007,1,1,0,0,34,24.5,1.2,20.9,46.6,145442.930327363,1026.0493349351389
131299709021075,0,0,0,0,32,22.4,0,19.2,41.6,87110.12894649092,83.88804971766503
131299701011017,0,0,0,0,30,21,0,18,39,28244.37165654964,53.355219395094146
131299701011002,0,0,0,0,4,2.8,0,2.4,5.2,70345.81231560682,23.19699119280975
131299709021061,13,13,0,0,8,14.7,15.6,11.3,41.6,117287.73278283984,1819.209621330696
131299701021055,0,0,0,0,7,4.9,0,4.2,9.1,58832.930300469634,201.4826283287358
131299702022002,1,1,0,0,14,10.5,1.2,8.9,20.6,127832.15619598863,22.268780799478954
131299708012075,152,0,146,6,15,1257.9,182.4,703.6,2143.9,147844.46286468685,9196.286679947421
131299708022015,1,1,0,0,26,18.9,1.2,16.1,36.2,143990.04866474163,92.65819348849611
131299705002010,0,0,0,0,10,7,0,6,13,147149.1646802441,8170.387961145561
131299707004024,2,2,0,0,12,9.8,2.4,8.2,20.4,81457.59058388846,20.937509570856886
131299705001017,0,0,0,0,1,0.7,0,0.6,1.3,147166.58234565813,6306.116233619003
131299702011032,0,0,0,0,1,0.7,0,0.6,1.3,145517.44083475534,10.809955359923872
131299706022058,0,0,0,0,19,13.3,0,11.4,24.7,144735.40959783326,1097.9943427372393
131299709021048,0,0,0,0,36,25.2,0,21.6,46.8,59243.50117382964,236.4161318278287
131299705002013,8,0,1,7,120,116.9,9.6,86.5,213,146928.6727081714,10667.267895252386
131299709011003,0,0,0,0,10,7,0,6,13,137252.02302650755,210.96656512426588
131299707002021,0,0,0,0,6,4.2,0,3.6,7.8,136527.53116343034,138.4945960137203
131299704001012,0,0,0,0,2,1.4,0,1.2,2.6,148033.70773084313,12161.768922597583
131299703023039,0,0,0,0,37,25.9,0,22.2,48.1,146316.57205963484,3958.7057252320874
131299703023064,0,0,0,0,3,2.1,0,1.8,3.9,146169.03973943958,5024.878860273052
131299702022013,0,0,0,0,23,16.1,0,13.8,29.9,111587.11651860664,31.740674608927584
131299708011002,0,0,0,0,14,9.8,0,8.4,18.2,141669.00676385468,102.37699501409571
131299701023018,0,0,0,0,11,7.7,0,6.6,14.3,16525.192128024864,19.0420788143977
131299708021005,0,0,0,0,18,12.6,0,10.8,23.4,147513.09662831386,27.162362315518745
131299708012059,0,0,0,0,64,44.8,0,38.4,83.2,149417.7500064401,12455.119897674344
131299709022019,0,0,0,0,3,2.1,0,1.8,3.9,145054.17586934683,126.52721173700935
131299707003013,0,0,0,0,2,1.4,0,1.2,2.6,143963.76062026407,646.8967673059565
131299703023049,0,0,0,0,5,3.5,0,3,6.5,145402.0420785623,3102.500844850455
131299701011019,0,0,0,0,7,4.9,0,4.2,9.1,76249.9025270077,20.98454167124132
131299704002011,0,0,0,0,4,2.8,0,2.4,5.2,147239.85252045063,16518.624000642598
131299703023031,0,0,0,0,62,43.4,0,37.2,80.6,146397.68757892898,1853.2847237480512
131299702012022,0,0,0,0,2,1.4,0,1.2,2.6,124019.725331624,26.594992635331852
131299701023010,0,0,0,0,2,1.4,0,1.2,2.6,62863.293432205865,20.63265198004469
131299702022031,1,0,0,1,117,85.4,1.2,71.6,158.2,76389.38409577325,157.71368931742884
131299701023008,0,0,0,0,10,7,0,6,13,43143.99025228634,18.199750955307987
131299704002021,12,0,0,12,6,46.2,14.4,20.4,81,146841.82098594276,12582.755770759688
131299702012001,1,1,0,0,1,1.4,1.2,1.1,3.7,141346.2470124878,78.81034106168096
131299706012021,1,1,0,0,9,7,1.2,5.9,14.1,146163.0648474529,6776.334933958362
131299705004028,0,0,0,0,19,13.3,0,11.4,24.7,147461.64995666474,11126.988363345903
131299709011012,15,15,0,0,98,79.1,18,66.3,163.4,133345.4509356768,176.99552867725026
131299703012014,0,0,0,0,2,1.4,0,1.2,2.6,146484.0788327119,6272.409868469812
131299709022029,0,0,0,0,3,2.1,0,1.8,3.9,91067.35479127242,6.003264256339611
131299704004010,0,0,0,0,1,0.7,0,0.6,1.3,147338.78234990343,195.88609974863465
131299706011026,0,0,0,0,1,0.7,0,0.6,1.3,145659.67871118613,1313.8383767492658
131299709011022,0,0,0,0,22,15.4,0,13.2,28.6,142864.4099358308,40.53210461915056
131299703011013,170,170,0,0,1,119.7,204,85.6,409.3,147859.00707852008,7861.059742423996
131299702022049,0,0,0,0,5,3.5,0,3,6.5,26028.703660333842,5.998036423601909
131299707002029,7,0,7,0,15,69.3,8.4,41.9,119.6,122804.26158704211,289.50532356889823
131299703021024,0,0,0,0,8,5.6,0,4.8,10.4,146643.72318390102,683.0351903748455
131299708011016,0,0,0,0,11,7.7,0,6.6,14.3,141756.47289350472,156.78761748486264
131299704003011,0,0,0,0,8,5.6,0,4.8,10.4,146055.81759039746,1067.0456754919
131299706022011,0,0,0,0,8,5.6,0,4.8,10.4,148356.44900889628,14731.58153357189
131299703012047,0,0,0,0,18,12.6,0,10.8,23.4,147368.49045665073,6750.524649644605
131299705004023,0,0,0,0,7,4.9,0,4.2,9.1,147317.5736092075,7947.523067752682
131299705004034,1,1,0,0,1,1.4,1.2,1.1,3.7,146216.72450762353,1552.5979605560383
131299702011021,0,0,0,0,7,4.9,0,4.2,9.1,137969.48149038307,87.005143937662
131299708012028,0,0,0,0,1,0.7,0,0.6,1.3,143274.1216851304,267.30533536638865
131299701023001,0,0,0,0,5,3.5,0,3,6.5,24211.0830729472,27.850065474153713
131299709021013,0,0,0,0,9,6.3,0,5.4,11.7,87233.84712265454,17.17029004920956
131299707002017,0,0,0,0,7,4.9,0,4.2,9.1,132694.9758685711,332.7889856364278
131299706021018,27,12,15,0,36,159.6,32.4,98.1,290.1,146680.64992955112,12745.765897985968
131299705001007,0,0,0,0,22,15.4,0,13.2,28.6,147392.55548897787,12336.315468937328
131299708021009,0,0,0,0,11,7.7,0,6.6,14.3,147812.80701666122,47.643424122111924
131299701023002,2,2,0,0,3,3.5,2.4,2.8,8.7,35400.38597273281,27.38609004741663
131299701011034,0,0,0,0,5,3.5,0,3,6.5,139728.88176566767,130.29347052838483
131299702021020,1,0,1,0,44,39.2,1.2,31.1,71.5,137127.1523391721,415.4683654294667
131299703012024,5,0,5,0,158,152.6,6,118.3,276.9,145409.0688076561,922.0896231803066
131299701011000,0,0,0,0,3,2.1,0,1.8,3.9,100963.70502872705,26.56774817888751
131299703012049,0,0,0,0,5,3.5,0,3,6.5,146858.71972609046,6664.866688982762
131299704002000,512,0,0,512,126,1880.2,614.4,792.4,3287,147330.3618426982,9297.516306833772
131299702022026,0,0,0,0,9,6.3,0,5.4,11.7,144720.74215401796,140.39261853752177
131299708012024,0,0,0,0,1,0.7,0,0.6,1.3,144321.95779395002,235.38874958161895
131299701021053,0,0,0,0,1,0.7,0,0.6,1.3,66938.64261013367,215.59663464237013
131299709021004,0,0,0,0,3,2.1,0,1.8,3.9,71235.01129338545,54.33053590735174
131299709011016,4,1,0,3,156,120.4,4.8,98.3,223.5,141473.40528406904,489.74579363350307
131299701023004,2,2,0,0,9,7.7,2.4,6.4,16.5,55247.20370527942,16.90170374124568
131299703023037,0,0,0,0,1,0.7,0,0.6,1.3,145689.7154107625,60.033549058894984
131299701022002,0,0,0,0,63,44.1,0,37.8,81.9,67208.70761762005,115.82032716258513
131299706011020,0,0,0,0,31,21.7,0,18.6,40.3,137217.38914903894,67.63575152154928
131299701011022,0,0,0,0,14,9.8,0,8.4,18.2,6300.049256301432,30.18090957156135
131299705004000,46,43,3,0,14,65.1,55.2,44,164.3,147678.82121366225,2955.129777295087
131299704002022,4,0,1,3,3,21,4.8,10.7,36.5,147669.86200863184,13839.405841232008
131299703012002,197,46,1,150,67,612.5,236.4,277.9,1126.8,146807.38379661264,2618.2116236825664
131299708012086,0,0,0,0,1,0.7,0,0.6,1.3,143931.80980569104,385.0797984014432
131299701021057,0,0,0,0,2,1.4,0,1.2,2.6,59523.44561444304,32.206510990309496
131299707004022,0,0,0,0,18,12.6,0,10.8,23.4,113261.42826734517,24.10152007654814
131299702011024,0,0,0,0,4,2.8,0,2.4,5.2,143813.58036793725,6.258137063682373
131299703021030,0,0,0,0,6,4.2,0,3.6,7.8,147077.90242409037,896.4837269812307
131299703011006,0,0,0,0,7,4.9,0,4.2,9.1,147213.11802108205,6862.378830429941
131299707004021,5,1,4,0,60,76.3,6,55.3,137.6,74602.05659195884,136.9808351918283
131299707002026,0,0,0,0,2,1.4,0,1.2,2.6,134149.63953481408,50.04745062417834
131299709012003,7,1,0,6,113,100.8,8.4,76.7,185.9,142858.5398427671,264.9819032374717
131299708022021,0,0,0,0,13,9.1,0,7.8,16.9,121632.66290682476,20.28868745861419
131299709021030,57,57,0,0,6,44.1,68.4,32.1,144.6,103995.65922029366,1432.140517365608
131299703023008,0,0,0,0,2,1.4,0,1.2,2.6,146652.60163878644,2730.919702120171
131299703013027,78,56,9,13,21,175,93.6,101.1,369.7,145418.37734499786,2078.5817814370207
131299709021084,0,0,0,0,14,9.8,0,8.4,18.2,116770.45079638569,1676.284389604928
131299709012018,0,0,0,0,2,1.4,0,1.2,2.6,126805.95691409735,33.59402293197128
131299705001014,123,0,59,64,8,725.2,147.6,371.7,1244.5,147858.83853281816,12539.920050861683
131299701012001,0,0,0,0,6,4.2,0,3.6,7.8,131660.2007971629,372.5154032313504
131299701021065,2,2,0,0,2,2.8,2.4,2.2,7.4,78930.56776984278,17.99556593685089
131299701021036,0,0,0,0,5,3.5,0,3,6.5,37544.31983322293,22.12024052414667
131299702022009,0,0,0,0,18,12.6,0,10.8,23.4,111680.99846895941,24.368834726967346
131299702012055,0,0,0,0,15,10.5,0,9,19.5,133577.03467888013,26.342379954392545
131299709021001,0,0,0,0,19,13.3,0,11.4,24.7,35615.544487982246,49.08730504852983
131299709021025,0,0,0,0,30,21,0,18,39,69767.62639278857,116.85339340166419
131299709021057,4,0,4,0,21,48.3,4.8,31.4,84.5,120530.10449477733,1854.9478764708583
131299701021056,0,0,0,0,3,2.1,0,1.8,3.9,25615.75948698852,4.132252465084691
131299705003010,17,17,0,0,4,14.7,20.4,10.9,45.99999999999999,145799.58668982983,9136.459115768019
131299706021025,0,0,0,0,22,15.4,0,13.2,28.6,147017.31018304283,11423.82858527925
131299707003039,0,0,0,0,3,2.1,0,1.8,3.9,145950.18881730657,57.782401623706235
131299701022020,0,0,0,0,6,4.2,0,3.6,7.8,94247.20581441883,9.78955762589325
131299704002002,0,0,0,0,48,33.6,0,28.8,62.4,147475.8526552756,12542.248815848972
131299702022048,0,0,0,0,26,18.2,0,15.6,33.8,86785.19296866762,85.38536546925776
131299707002008,0,0,0,0,15,10.5,0,9,19.5,121070.40093172614,47.01896266318795
131299707001010,0,0,0,0,6,4.2,0,3.6,7.8,139717.82539217002,747.5316870280585
131299702012032,0,0,0,0,7,4.9,0,4.2,9.1,130743.44391406178,27.857951358213253
131299707001017,14,0,8,6,42,117.6,16.8,71.2,205.6,126696.73067888743,223.03937861343044
131299709021041,2,2,0,0,45,32.9,2.4,28,63.3,20324.54204637214,168.9339379304159
131299703021004,6,4,0,2,23,25.9,7.2,18.6,51.7,126073.7648593436,298.07598981955226
131299704001037,0,0,0,0,6,4.2,0,3.6,7.8,148587.75770479153,15781.980645762995
131299706021013,27,20,0,7,4,41.3,32.4,22.2,95.9,147690.1635345354,15953.110124174516
131299708012044,0,0,0,0,2,1.4,0,1.2,2.6,148445.6190919667,8327.9299508089
131299701021069,0,0,0,0,11,7.7,0,6.6,14.3,54892.63224561679,43.22217504155254
131299701021047,0,0,0,0,3,2.1,0,1.8,3.9,76498.5463522465,217.22354984876662
131299701021013,0,0,0,0,7,4.9,0,4.2,9.1,2847.9509646797997,25.248480779339875
131299703012044,0,0,0,0,16,11.2,0,9.6,20.8,146892.9698804897,6792.788833815583
131299703022009,56,29,0,27,132,207.2,67.2,131.5,405.9,145432.88682781314,4071.503330346895
131299708012037,0,0,0,0,23,16.1,0,13.8,29.9,144225.87621264232,377.9991461213762
131299706012022,0,0,0,0,6,4.2,0,3.6,7.8,146661.16617318458,10177.705091704005
131299705002004,39,14,23,2,98,278.6,46.8,176.7,502.1,147712.51727359637,11719.392584001369
131299702021037,0,0,0,0,9,6.3,0,5.4,11.7,145080.69936726853,343.9480341521281
131299704001019,12,0,0,12,56,81.2,14.4,50.4,146,148212.42616890304,16396.68243405085
131299705004019,0,0,0,0,3,2.1,0,1.8,3.9,147016.51470524046,7521.439812495108
131299706022020,0,0,0,0,7,4.9,0,4.2,9.1,145429.0394826141,264.95447206859285
131299706022045,959,959,0,0,1,672,1150.8,480.1,2302.9,145658.7028479975,2565.248156547612
131299701011030,0,0,0,0,6,4.2,0,3.6,7.8,123300.72457152278,7.249051450211088
131299703023002,0,0,0,0,3,2.1,0,1.8,3.9,144195.72486754038,2159.3087316287333
131299703021009,0,0,0,0,8,5.6,0,4.8,10.4,146187.06933661725,152.4866811172882
131299707001003,37,20,0,17,56,112.7,44.4,67.4,224.5,132671.60155433934,352.43134778963565
131299707003040,0,0,0,0,18,12.6,0,10.8,23.4,146680.63566387145,455.9402760965657
131299705004044,31,0,0,31,10,115.5,37.2,49.4,202.1,148582.40058032828,17939.87389276756
131299707001009,0,0,0,0,68,47.6,0,40.8,88.4,130873.77724289137,91.49395692275047
131299701021015,0,0,0,0,1,0.7,0,0.6,1.3,33514.760951853634,1.6623303625127543
131299701021021,0,0,0,0,8,5.6,0,4.8,10.4,6451.132638626449,141.9294226592022
131299705004021,0,0,0,0,8,5.6,0,4.8,10.4,147379.7171720134,7645.599294197871
131299709022032,0,0,0,0,10,7,0,6,13,84675.62457657061,20.432881596500565
131299702011017,0,0,0,0,46,32.2,0,27.6,59.8,139548.85222588273,72.11986111136065
131299705004031,0,0,0,0,4,2.8,0,2.4,5.2,146653.37423671104,2123.8102193108352
131299702022035,0,0,0,0,5,3.5,0,3,6.5,133472.12230238158,9.509362024285346
131299706021070,11,0,9,2,6,86.8,13.2,48.7,148.7,148568.52545555774,19512.93774658926
131299706021043,29,0,9,20,4,148.4,34.8,72.7,255.9,145182.3233367932,881.1574662298116
131299707003036,0,0,0,0,17,11.9,0,10.2,22.1,142770.06594626943,35.79977759085066
131299706022047,0,0,0,0,3,2.1,0,1.8,3.9,147235.63357098476,857.7246628007778
131299709012024,0,0,0,0,55,38.5,0,33,71.5,146062.31008812948,1173.873977988907
131299703021029,0,0,0,0,10,7,0,6,13,147126.36502420757,1114.9209778119273
131299701022000,0,0,0,0,30,21,0,18,39,32066.849317389035,64.77648694377683
131299701011007,0,0,0,0,11,7.7,0,6.6,14.3,124663.71570537744,47.25932091634236
131299709011005,0,0,0,0,7,4.9,0,4.2,9.1,136998.19107847387,702.5034000866048
131299706012027,0,0,0,0,15,10.5,0,9,19.5,146952.80160049122,11673.126498682723
131299706022064,0,0,0,0,5,3.5,0,3,6.5,145700.85133912534,1203.2153194961877
131299709021049,29,29,0,0,11,27.999999999999996,34.8,21.1,83.9,118532.88963616473,1618.227682988872
131299706021067,52,19,3,30,2,144.9,62.4,66.8,274.1,148545.1062181822,20163.85742531823
131299705003002,0,0,0,0,8,5.6,0,4.8,10.4,147357.79599674794,14028.410032979686
131299707001015,2,1,0,1,12,12.6,2.4,9.1,24.1,136294.4697975424,333.293042281125
131299702011002,0,0,0,0,4,2.8,0,2.4,5.2,120281.4147144756,109.46374931626832
131299702021011,0,0,0,0,20,14,0,12,26,134503.89272733362,67.16032679717628
131299703021036,0,0,0,0,9,6.3,0,5.4,11.7,146730.79508335105,153.29332600923092
131299706011019,0,0,0,0,16,11.2,0,9.6,20.8,137502.50121485628,62.354068922962604
131299703012010,0,0,0,0,5,3.5,0,3,6.5,146911.12066602334,6417.633435782458
131299701012008,2,2,0,0,329,231.7,2.4,198.4,432.5,135914.51497765823,749.1250215699122
131299701021058,0,0,0,0,11,7.7,0,6.6,14.3,12239.017231966429,36.05642331936228
131299703013017,0,0,0,0,6,4.2,0,3.6,7.8,147674.66389877506,16151.780180060769
131299707004025,0,0,0,0,1,0.7,0,0.6,1.3,78739.45858291426,19.75098378531859
131299703023059,0,0,0,0,4,2.8,0,2.4,5.2,145961.21263285563,1076.6543650262386
131299703012060,0,0,0,0,2,1.4,0,1.2,2.6,146521.65901672412,6152.473048126732
131299709012006,0,0,0,0,34,23.8,0,20.4,44.2,144034.10829532388,497.58160596836854
131299708011000,0,0,0,0,119,83.3,0,71.4,154.7,139035.81312828333,168.33774240390255
131299702022052,0,0,0,0,2,1.4,0,1.2,2.6,102316.93015375326,27.860883755792774
131299705001019,1,1,0,0,3,2.8,1.2,2.3,6.3,147076.00808704176,5516.204386453377
131299701023022,33,33,0,0,29,43.4,39.6,33.9,116.9,25497.670982139203,115.99868752777735
131299701011003,0,0,0,0,6,4.2,0,3.6,7.8,105044.43799388205,18.39771751595692
131299703021017,0,0,0,0,10,7,0,6,13,145684.20416292545,150.41550324865113
131299703011011,0,0,0,0,14,9.8,0,8.4,18.2,147459.44970605508,7680.802511136355
131299709021032,0,0,0,0,11,7.7,0,6.6,14.3,116563.77925860012,1851.6859054463
131299703021021,0,0,0,0,8,5.6,0,4.8,10.4,146788.99899277912,354.1404570618632
131299707003026,126,114,12,0,4,183.4,151.2,115.8,450.4,147431.10245349834,940.3718260665995
131299703012008,0,0,0,0,13,9.1,0,7.8,16.9,147032.74831886127,6314.738036349823
131299702021034,0,0,0,0,6,4.2,0,3.6,7.8,136775.424701614,48.82981335665667
131299708011008,174,6,0,168,115,672.7,208.8,307.2,1188.7,141993.2319394461,1189.4756638356585
131299703013021,0,0,0,0,30,21,0,18,39,146779.68426868654,9380.729598523949
131299709022028,0,0,0,0,28,19.6,0,16.8,36.4,118722.93048661914,38.36063591754233
131299707003028,56,56,0,0,4,41.99999999999999,67.2,30.4,139.6,147195.31264484723,1243.017226919178
131299701021070,0,0,0,0,5,3.5,0,3,6.5,92827.94839466682,36.48739122293163
131299702021002,0,0,0,0,21,14.7,0,12.6,27.3,145572.13838243744,405.5997139164765
131299703023016,0,0,0,0,6,4.2,0,3.6,7.8,145030.46585425886,6.999930745072133
131299705004020,0,0,0,0,22,15.4,0,13.2,28.6,147135.7659028377,6383.148207142793
131299706011005,0,0,0,0,117,81.9,0,70.2,152.1,140172.3447056851,223.22932164086362
131299709021044,61,0,0,61,7,218.4,73.2,89.6,381.2,104578.6713410989,1705.8299631632547
131299702021003,0,0,0,0,22,15.4,0,13.2,28.6,144773.32095653124,535.7221500295226
131299706022021,27,0,0,27,173,215.6,32.4,141.6,389.6,144910.01308256606,902.6687492080812
131299707003017,0,0,0,0,4,2.8,0,2.4,5.2,139467.64640204769,34.098593985997
131299707003016,0,0,0,0,14,9.8,0,8.4,18.2,139580.28497526515,55.097410914828146
131299701021017,2,2,0,0,2,2.8,2.4,2.2,7.4,71877.10927060299,11.516893911720933
131299704004006,0,0,0,0,10,7,0,6,13,145767.74185228965,119.43100266796183
131299707002019,0,0,0,0,4,2.8,0,2.4,5.2,134975.88522318655,164.48656638516877
131299708021007,0,0,0,0,58,40.6,0,34.8,75.4,144479.21775575003,113.53681407078774
131299707004009,0,0,0,0,19,13.3,0,11.4,24.7,136707.6000206185,48.698094461175074
131299707003034,41,41,0,0,16,39.9,49.2,30.1,119.2,147562.76753474248,1573.4341108428946
131299703022021,13,13,0,0,26,27.3,15.6,22.1,65,146776.97650660216,3120.6255882379082
131299709011018,0,0,0,0,25,17.5,0,15,32.5,143346.16982780118,404.8231248423868
131299701012006,4,4,0,0,26,21,4.8,17.6,43.4,105300.89328154828,43.0230670855535
131299705004033,2,2,0,0,4,4.2,2.4,3.4,10,147089.76942623444,2825.467129461303
131299703023030,0,0,0,0,2,1.4,0,1.2,2.6,145412.1038942374,4865.324297135547
131299704002006,0,0,0,0,9,6.3,0,5.4,11.7,147263.05069032975,13175.596969860248
131299702012043,11,0,0,11,7,43.4,13.2,19.6,76.2,145093.68066901996,1797.388828073367
131299707003024,0,0,0,0,27,18.9,0,16.2,35.1,114605.07586896465,36.47771321068826
131299708012055,44,1,0,43,108,226.8,52.8,125.5,405.1,145410.50803714755,3918.998500310917
131299704001017,0,0,0,0,2,1.4,0,1.2,2.6,147599.98061481994,13616.084395178226
131299703012003,5,5,0,0,4,6.3,6,4.9,17.2,146280.09077191705,2650.4862437123616
131299706021024,0,0,0,0,9,6.3,0,5.4,11.7,147349.85785503223,12384.944262104778
131299709011025,0,0,0,0,4,2.8,0,2.4,5.2,145411.27788513072,123.61141019546235
131299706021035,0,0,0,0,11,7.7,0,6.6,14.3,147309.26245329418,11328.239286573042
131299702022040,0,0,0,0,1,0.7,0,0.6,1.3,131307.29578273185,46.99675001748404
131299707001014,2,0,0,2,36,32.2,2.4,24.4,59,129198.46772669964,73.59747820579356
131299706022023,2,0,0,2,7,11.9,2.4,7,21.3,143286.95677152267,109.88998171394678
131299703013039,9,6,2,1,59,65.8,10.8,49.2,125.8,138031.12990366566,144.94306241821565
131299701023029,0,0,0,0,8,5.6,0,4.8,10.4,78392.20244109436,225.89307534179096
131299701022007,0,0,0,0,34,23.8,0,20.4,44.2,85944.93588675756,75.84636363850397
131299706022039,250,250,0,0,1,175.7,300,125.6,601.3,145351.3195720825,881.3508733427666
131299706012002,7,0,7,0,26,77,8.4,48.5,133.9,147074.82738074765,10787.397506698246
131299706012006,3,3,0,0,30,23.1,3.6,19.5,46.2,145327.55154118015,455.37270564521657
131299702011029,0,0,0,0,15,10.5,0,9,19.5,129811.32844641003,28.792713119840556
131299709021033,30,0,9,21,8,154.7,36,76.5,267.2,107185.42227872531,1680.5539394068633
131299703022003,110,0,0,110,59,426.3,132,189.4,747.7,144926.281664786,3755.113333424854
131299706022060,0,0,0,0,25,17.5,0,15,32.5,144808.5597839644,1143.9664881674232
131299706022038,0,0,0,0,2,1.4,0,1.2,2.6,145764.91074873926,955.44719253532
131299702011006,0,0,0,0,16,11.2,0,9.6,20.8,135605.86689171422,1083.5761143809614
131299701021023,0,0,0,0,4,2.8,0,2.4,5.2,17101.010856949266,36.618103466696006
131299702021013,0,0,0,0,39,27.3,0,23.4,50.7,138240.11624402096,105.30084892025158
131299709012002,9,0,3,6,45,77.7,10.8,49.5,138,145608.4570927456,818.4214655326558
131299709021022,0,0,0,0,11,7.7,0,6.6,14.3,127082.21785328447,20.267267758942268
131299706021011,88,0,5,83,3,334.6,105.6,141.5,581.7,147880.56258463347,14963.135724122878
131299705004049,4,0,2,2,1,24.5,4.8,12.8,42.1,149040.7868795935,13981.291351271251
131299702012038,0,0,0,0,3,2.1,0,1.8,3.9,145257.16237280334,1774.9444521514968
131299703011008,0,0,0,0,8,5.6,0,4.8,10.4,147570.871188084,8254.114312363885
131299707004016,0,0,0,0,16,11.2,0,9.6,20.8,130137.97366994501,115.83433339977665
131299707001019,2,0,0,2,23,23.1,2.4,16.6,42.1,133180.18426218187,147.44716239508057
131299702022007,0,0,0,0,18,12.6,0,10.8,23.4,120621.55295822263,24.2046847182722
131299703012021,0,0,0,0,2,1.4,0,1.2,2.6,146634.41963971817,6598.548879775174
131299708012001,0,0,0,0,7,4.9,0,4.2,9.1,146562.51258791666,1635.6067096614338
131299703023032,0,0,0,0,15,10.5,0,9,19.5,145787.04024005725,3687.9400939781785
131299703013000,11,0,0,11,66,84.7,13.2,55,152.9,147014.57692108135,12871.989396875857
131299708022018,0,0,0,0,102,71.4,0,61.2,132.6,138105.2880929322,132.91993830398204
131299703013030,0,0,0,0,2,1.4,0,1.2,2.6,140993.60112635195,35.71034596398178
131299709021085,0,0,0,0,1,0.7,0,0.6,1.3,116654.95079877929,1259.3024544652733
131299708021011,0,0,0,0,4,2.8,0,2.4,5.2,143208.7690717749,12.177059105287922
131299709022040,0,0,0,0,5,3.5,0,3,6.5,39272.10378611635,7.669994599659133
131299703022023,0,0,0,0,3,2.1,0,1.8,3.9,145497.141721512,5466.534201648561
131299703023058,0,0,0,0,15,10.5,0,9,19.5,146234.9375133494,1198.449497533885
131299702012009,0,0,0,0,1,0.7,0,0.6,1.3,119947.62704963239,12.864805754945243
131299706021005,12,8,0,4,1,20.3,14.4,10.2,44.9,147171.58554656056,12997.413763347415
131299702011016,0,0,0,0,27,18.9,0,16.2,35.1,134488.97429936554,58.350202338435956
131299705004013,0,0,0,0,13,9.1,0,7.8,16.9,147270.25823987336,5567.416571592996
131299704004011,118,118,0,0,54,120.4,141.6,91.4,353.4,143753.4493830468,411.527866291397
131299703011027,14,0,0,14,32,71.4,16.8,38.8,127,147989.9776693695,10403.043928924591
131299706011011,0,0,0,0,13,9.1,0,7.8,16.9,143035.54931695634,351.4241815118079
131299708021003,0,0,0,0,9,6.3,0,5.4,11.7,145093.45930822432,108.89194947145448
131299708012078,0,0,0,0,6,4.2,0,3.6,7.8,148910.3920553469,9695.563205686869
131299702011026,0,0,0,0,16,11.2,0,9.6,20.8,142712.16702275656,116.65918990000038
131299702021039,0,0,0,0,17,11.9,0,10.2,22.1,145100.51874416345,400.73289424173674
131299707002011,0,0,0,0,28,19.6,0,16.8,36.4,117844.61946714815,263.4938960677819
131299702022024,0,0,0,0,10,7,0,6,13,142451.81813764875,39.54677283749341
131299707003038,0,0,0,0,1,0.7,0,0.6,1.3,134831.5725047387,5.76641838442279
131299703013007,0,0,0,0,1,0.7,0,0.6,1.3,147428.44524337395,8240.210577957523
131299704001006,298,111,0,187,112,810.6,357.6,384.5,1552.7,146942.71438557882,12687.574507149948
131299702021007,0,0,0,0,65,45.5,0,39,84.5,139040.86109954753,86.39791409636638
131299709011008,0,0,0,0,30,21,0,18,39,138638.55527755083,806.5236585795874
131299703023034,0,0,0,0,5,3.5,0,3,6.5,145629.4825911304,2369.5479143383536
131299703012066,0,0,0,0,11,7.7,0,6.6,14.3,146644.30767109588,1525.5680916235005
131299707001018,0,0,0,0,5,3.5,0,3,6.5,136935.44851804018,233.53780656228074
131299701022025,0,0,0,0,28,19.6,0,16.8,36.4,40040.00163581678,47.629046584468
131299706011008,0,0,0,0,22,15.4,0,13.2,28.6,143943.87525456882,325.24537271201496
131299706012010,0,0,0,0,10,7,0,6,13,143879.68089846033,339.8105012029108
131299701011016,0,0,0,0,11,7.7,0,6.6,14.3,106092.45252145156,55.05916251556329
131299705004071,0,0,0,0,4,2.8,0,2.4,5.2,148154.19617192302,16135.008673591012
131299707002012,0,0,0,0,6,4.2,0,3.6,7.8,125283.41225600336,242.27311638887008
131299702012046,0,0,0,0,2,1.4,0,1.2,2.6,143982.1874380724,501.2853702721071
131299706021039,1,0,1,0,124,95.2,1.2,79.1,175.5,146838.96447097737,1392.660491282039
131299701011008,0,0,0,0,5,3.5,0,3,6.5,127318.37510046472,37.34582040434679
131299703023004,0,0,0,0,1,0.7,0,0.6,1.3,146074.09129463191,2070.1002202881423
131299708012004,5,0,4,1,23,53.2,6,34,93.2,147259.29751936844,9232.432970689822
131299702011028,20,6,14,0,9,128.1,24,74.2,226.3,131923.16477518823,250.95772020938296
131299704002007,9,6,0,3,145,116.2,10.8,94.2,221.2,146687.81808397584,9679.06516780349
131299706011016,0,0,0,0,128,89.6,0,76.8,166.4,145421.13799527037,1026.288635561476
131299708012033,0,0,0,0,6,4.2,0,3.6,7.8,146049.4009679705,3743.754813651433
131299703023063,0,0,0,0,2,1.4,0,1.2,2.6,145603.59182112303,4803.884010916954
131299707003042,0,0,0,0,39,27.3,0,23.4,50.7,144869.85672974735,2494.452829078094
131299701011037,0,0,0,0,7,4.9,0,4.2,9.1,142732.50028904193,206.89788408642534
131299701023013,0,0,0,0,7,4.9,0,4.2,9.1,17689.585915553223,22.65905646452274
131299706022026,0,0,0,0,62,43.4,0,37.2,80.6,146009.26399032623,1269.7344470719117
131299703012036,5,5,0,0,31,25.2,6,21.1,52.3,147424.8975174857,6221.617379140221
131299706022051,1,0,0,1,3,5.6,1.2,3.2,10,146111.2217386598,412.1152061619754
131299708012032,0,0,0,0,3,2.1,0,1.8,3.9,145386.60788837398,828.9857425636566
131299705002000,0,0,0,0,45,31.5,0,27,58.5,147649.1743699274,10655.01638491691
131299701012013,2,1,1,0,25,26.6,2.4,20.2,49.2,122394.63444221085,57.79536050690883
131299702021017,0,0,0,0,38,26.6,0,22.8,49.4,138322.26439474305,477.0501338430494
131299705004016,0,0,0,0,23,16.1,0,13.8,29.9,146494.8654560267,6305.041138713364
131299706011012,0,0,0,0,15,10.5,0,9,19.5,143517.60675843467,592.1362087407812
131299701012007,37,0,0,37,21,144.2,44.4,64.4,253,136845.39121233707,272.7856741022739
131299706021040,0,0,0,0,24,16.8,0,14.4,31.2,145967.63585713963,1154.5638678315086
131299701011031,7,0,7,0,81,115.5,8.4,81.5,205.4,84199.5654341724,204.84249133569557
131299703013010,66,66,0,0,7,51.1,79.2,37.2,167.5,148100.30583608133,14638.829936213237
131299701023028,37,6,0,31,5,116.2,44.4,49.4,210,72402.34758084263,238.4667480308991
131299703021005,24,0,24,0,27,220.5,28.8,129,378.3,145890.1418626404,458.4729175412279
131299703022012,2,2,0,0,112,79.8,2.4,68.2,150.4,145057.2656183816,360.89402654568835
131299707003012,0,0,0,0,1,0.7,0,0.6,1.3,143830.37046008054,892.4583106359257
131299702021038,20,10,0,10,43,72.1,24,44.8,140.9,145135.18946580362,362.36993258544004
131299708012079,0,0,0,0,13,9.1,0,7.8,16.9,148781.17170403412,9668.250375434482
131299702011038,0,0,0,0,2,1.4,0,1.2,2.6,141806.7741839837,20.69518761320689
131299707003007,96,96,0,0,21,81.9,115.2,60.6,257.7,144131.2653534741,644.4889157899133
131299706022063,0,0,0,0,3,2.1,0,1.8,3.9,146150.87083334578,1324.3947185267741
131299707002023,0,0,0,0,19,13.3,0,11.4,24.7,132498.12134823386,41.95658301144889
131299702021026,0,0,0,0,12,8.4,0,7.2,15.6,138821.48018303956,91.09970224517849
131299706022022,0,0,0,0,16,11.2,0,9.6,20.8,144672.75006930289,371.44487145418236
131299709012009,0,0,0,0,35,24.5,0,21,45.5,130497.48814856874,45.25924108951201
131299706021065,0,0,0,0,2,1.4,0,1.2,2.6,148087.91530944023,19264.232924885346
131299707002033,0,0,0,0,15,10.5,0,9,19.5,124865.70966731476,299.7817507154612
131299706022019,0,0,0,0,17,11.9,0,10.2,22.1,145743.44936127125,244.38033106903012
131299702022025,7,0,1,6,27,48.3,8.4,29.3,86,143061.33542577486,115.10427266846379
131299701023025,0,0,0,0,9,6.3,0,5.4,11.7,41335.57417582011,39.97855625698832
131299702012057,0,0,0,0,3,2.1,0,1.8,3.9,134587.15506215332,16.7615178262473
131299702022027,0,0,0,0,2,1.4,0,1.2,2.6,145211.84915806266,197.76141165305245
131299707004012,1,1,0,0,43,30.8,1.2,26.3,58.3,112848.4999728018,58.696040999804666
131299709011001,13,0,10,3,151,200.2,15.6,141.8,357.6,132395.6107611293,394.26308187900503
131299705001003,0,0,0,0,15,10.5,0,9,19.5,146801.22613186523,6472.882707976162
131299701023003,2,0,0,2,24,23.8,2.4,17.2,43.4,24365.54611806113,42.98869176347426
131299701021029,0,0,0,0,11,7.7,0,6.6,14.3,23159.779563312663,35.097293836691094
131299701021034,0,0,0,0,25,17.5,0,15,32.5,15455.232751147312,32.3367840234489
131299709021006,0,0,0,0,10,7,0,6,13,106478.54068905844,324.8627105472636
131299702012039,0,0,0,0,2,1.4,0,1.2,2.6,144670.71124647887,1574.477605446851
131299709021059,0,0,0,0,3,2.1,0,1.8,3.9,16154.395907898637,9.960389803134081
131299705004053,0,0,0,0,62,43.4,0,37.2,80.6,148169.25438508615,11339.094496190475
131299705002002,0,0,0,0,27,18.9,0,16.2,35.1,147245.4252464215,10207.152414382317
131299703013022,22,0,17,5,26,178.5,26.4,102.5,307.4,147332.3910041812,10166.528206402674
131299706021020,46,0,0,46,107,235.9,55.2,128.6,419.7,143405.61892753944,1019.2060507233327
131299701011010,5,0,5,0,12,50.4,6,30.7,87.1,130324.71311641557,102.24816420162523
131299701022013,0,0,0,0,5,3.5,0,3,6.5,104933.19039111368,14.28678449377925
131299705004024,0,0,0,0,3,2.1,0,1.8,3.9,147438.01802842956,8353.318909111224
131299708022024,0,0,0,0,3,2.1,0,1.8,3.9,125851.70929055814,3.0786928187077787
131299709022024,0,0,0,0,11,7.7,0,6.6,14.3,85096.73296954531,19.44934759980311
131299709021079,0,0,0,0,3,2.1,0,1.8,3.9,109378.92387193476,607.1046336775139
131299701021009,0,0,0,0,2,1.4,0,1.2,2.6,46682.83418253137,3.941737729573214
131299703023061,0,0,0,0,14,9.8,0,8.4,18.2,146159.83537506234,1805.874928414701
131299708012025,0,0,0,0,3,2.1,0,1.8,3.9,147072.34321569765,8217.896146413445
131299701021050,0,0,0,0,5,3.5,0,3,6.5,42280.400861729715,203.2402784020719
131299707002022,0,0,0,0,2,1.4,0,1.2,2.6,131830.07303447314,116.81431113638496
131299703021010,0,0,0,0,47,32.9,0,28.2,61.1,146730.8149079084,150.7609059352006
131299709022034,0,0,0,0,20,14,0,12,26,69735.93600307705,32.93870367259886
131299702012030,0,0,0,0,6,4.2,0,3.6,7.8,132825.157836377,28.232506626167268
131299705001000,121,118,0,3,117,175,145.2,133.4,453.6,146825.7795708474,4440.806521369605
131299703011014,315,0,0,315,1,1103.2,378,441.6,1922.8,147210.71063278653,6891.526007658503
131299707004011,3,0,0,3,70,59.5,3.6,46.2,109.3,127515.95766288228,109.73008870276321
131299704004003,2,2,0,0,52,37.8,2.4,32.2,72.4,144042.28782758108,281.37506672436024
131299706021010,33,0,10,23,2,165.9,39.6,80.4,285.9,148038.01875077092,14705.60014152772
131299701011024,0,0,0,0,4,2.8,0,2.4,5.2,100578.30308786531,7.652270112787581
131299703022019,19,19,0,0,4,16.1,22.8,11.9,50.8,146544.98844933158,5833.119940076066
131299703013011,6,2,0,4,7,20.3,7.2,10.8,38.3,148051.84279050457,15610.312028726765
131299703012004,1,0,0,1,1,4.2,1.2,2,7.4,147200.01137297414,5589.939498126271
131299701021063,0,0,0,0,5,3.5,0,3,6.5,11766.710252878094,37.61623306068113
131299708012085,0,0,0,0,1,0.7,0,0.6,1.3,145488.0417723342,816.1601964931618
131299702021044,0,0,0,0,2,1.4,0,1.2,2.6,144470.70431838895,457.7198114398274
131299702022028,3,3,0,0,4,4.9,3.6,3.9,12.4,131474.22749058018,16.8246503042659
131299703012054,1,0,1,0,25,25.9,1.2,19.7,46.8,145338.21351761025,3795.043918898026
131299702011022,9,0,0,9,17,43.4,10.8,22.8,77,115535.76735212673,76.99782140519594
131299705002018,8,0,0,8,2,29.4,9.6,12.4,51.4,148364.45681578398,20071.672369969598
131299708011007,3,3,0,0,58,42.7,3.6,36.3,82.6,142937.09250585258,293.73501009835866
131299703012028,0,0,0,0,18,12.6,0,10.8,23.4,145228.9278891962,4104.974725503545
131299706012016,0,0,0,0,1,0.7,0,0.6,1.3,146494.85742624447,9563.277419894113
131299707002024,0,0,0,0,4,2.8,0,2.4,5.2,129681.01488479378,36.60299398612822
131299704002005,0,0,0,0,9,6.3,0,5.4,11.7,147371.2713671666,14483.340412733736
131299707001021,0,0,0,0,16,11.2,0,9.6,20.8,118584.1531442655,53.270469094828975
131299709012023,0,0,0,0,1,0.7,0,0.6,1.3,118994.32146735548,56.35374475088508
131299703012012,0,0,0,0,6,4.2,0,3.6,7.8,146984.73935934523,5646.08781669967
131299709021045,17,0,0,17,8,65.1,20.4,28.6,114.1,118494.1940110537,1850.285178698023
131299702022061,12,12,0,0,36,33.6,14.4,27.6,75.6,77208.36169531723,85.91864170299631
131299705004002,36,27,9,0,33,117.6,43.2,75.6,236.4,147058.05111366085,4869.4670310424735
131299702012020,0,0,0,0,5,3.5,0,3,6.5,125101.80939717607,18.613526555148443
131299701011036,5,0,5,0,1,42.7,6,24.1,72.8,143557.64488444084,222.76839821465666
131299702022055,0,0,0,0,9,6.3,0,5.4,11.7,80229.77012684382,19.40869905383278
131299702021030,0,0,0,0,3,2.1,0,1.8,3.9,142784.9572510145,196.41769950251853
131299704002024,0,0,0,0,4,2.8,0,2.4,5.2,147372.48016111224,17457.478738859794
131299701021035,0,0,0,0,2,1.4,0,1.2,2.6,25710.396128126107,22.424469630399958
131299705001008,222,65,0,157,69,643.3,266.4,293.7,1203.4,146998.35590963744,12690.169638457886
131299704002008,0,0,0,0,9,6.3,0,5.4,11.7,146753.45191946113,14053.800631921049
131299701021040,0,0,0,0,7,4.9,0,4.2,9.1,10689.059953192867,37.28740805561805
131299701023033,0,0,0,0,7,4.9,0,4.2,9.1,7107.923095067033,9.492560374024192
131299707004017,7,7,0,0,76,58.1,8.4,49.1,115.6,130262.86299846515,118.99736930720388
131299702022069,0,0,0,0,3,2.1,0,1.8,3.9,97743.31881771807,35.44147523025161
131299707001020,0,0,0,0,1,0.7,0,0.6,1.3,137648.47622568483,146.05129973568629
131299707002001,0,0,0,0,49,34.3,0,29.4,63.7,60374.47813272543,64.93145343561815
131299707002003,0,0,0,0,20,14,0,12,26,115602.24038072639,43.13855348834156
131299703023005,76,56,17,3,4,195.3,91.2,114.5,401,145670.18434124088,2660.0614887067813
131299701012002,0,0,0,0,4,2.8,0,2.4,5.2,142864.00732853773,215.6778617249045
131299709021088,0,0,0,0,4,2.8,0,2.4,5.2,109378.94783189862,83.30613931319363
131299704003024,0,0,0,0,22,15.4,0,13.2,28.6,147463.03851623478,8695.879791567348
131299702022015,0,0,0,0,1,0.7,0,0.6,1.3,137200.8019286314,48.19038534406281
131299705001018,0,0,0,0,1,0.7,0,0.6,1.3,147152.69553620147,7303.146299325184
131299701012010,0,0,0,0,78,54.6,0,46.8,101.4,138849.1349233713,738.9082548141172
131299703012050,0,0,0,0,27,18.9,0,16.2,35.1,147125.31014312227,6167.838333722943
131299701021066,0,0,0,0,12,8.4,0,7.2,15.6,92147.16495352006,27.057259926150856
131299709012016,3,0,0,3,18,23.1,3.6,14.999999999999998,41.7,124832.58815260346,69.22182347032876
131299709012020,0,0,0,0,4,2.8,0,2.4,5.2,123678.25570645033,24.200727604552565
131299709012012,0,0,0,0,25,17.5,0,15,32.5,109190.1327055991,53.684924712673535
131299703023033,0,0,0,0,12,8.4,0,7.2,15.6,144250.3641690483,3177.4620092985465
131299703021026,0,0,0,0,5,3.5,0,3,6.5,146935.39913805394,874.1873616131201
131299705004042,0,0,0,0,10,7,0,6,13,146898.12876387854,4753.556840679868
131299706012013,0,0,0,0,22,15.4,0,13.2,28.6,146058.4010586438,8835.763039075686
131299701023007,0,0,0,0,15,10.5,0,9,19.5,48360.296865576005,231.58380736095208
131299701022024,0,0,0,0,10,7,0,6,13,84705.65822609366,45.484414381870074
131299705004005,2,2,0,0,3,3.5,2.4,2.8,8.7,145431.20776583723,996.4274379202387
131299702022001,0,0,0,0,40,28,0,24,52,85867.86982591456,52.02453906940804
131299701011011,0,0,0,0,66,46.2,0,39.6,85.8,124282.67785465329,87.09173011790477
131299703012022,0,0,0,0,1,0.7,0,0.6,1.3,147198.1955341335,6411.570640654594
131299707002020,0,0,0,0,36,25.2,0,21.6,46.8,137824.16078357445,131.83053234599313
131299708022000,0,0,0,0,16,11.2,0,9.6,20.8,144767.17617059307,56.34072558590596
131299705003005,14,0,0,14,3,51.1,16.8,21.4,89.3,147714.7675355821,21262.420278984922
131299701021030,5,0,5,0,3,44.1,6,25.3,75.4,52610.54375305805,207.83115097362727
131299703012058,0,0,0,0,6,4.2,0,3.6,7.8,146621.45228732983,5266.990245736404
131299701021022,3,0,0,3,9,16.8,3.6,9.6,29.999999999999996,2048.204345866114,32.12795705050349
131299706021042,0,0,0,0,7,4.9,0,4.2,9.1,146346.57346692847,1222.568105393681
131299707002010,0,0,0,0,14,9.8,0,8.4,18.2,119694.69260540037,110.57215074938901
131299709021009,0,0,0,0,5,3.5,0,3,6.5,100530.34286790155,190.80666503857813
131299703012005,0,0,0,0,2,1.4,0,1.2,2.6,147340.15878896532,4436.72208922649
131299703023035,0,0,0,0,1,0.7,0,0.6,1.3,146079.44222029272,308.455063655473
131299709011014,0,0,0,0,4,2.8,0,2.4,5.2,140055.01103279163,176.96062493764808
131299706011015,0,0,0,0,6,4.2,0,3.6,7.8,145682.85126599966,1482.4493172084053
131299709021039,0,0,0,0,1,0.7,0,0.6,1.3,97451.3299393221,1188.7711598770388
131299709012004,0,0,0,0,21,14.7,0,12.6,27.3,141736.20510161616,111.28510204109803
131299701023016,0,0,0,0,7,4.9,0,4.2,9.1,27610.61195995172,80.73662229626284
131299701022023,1,1,0,0,17,12.6,1.2,10.7,24.5,43451.05452701848,33.06754474436539
131299706021054,142,0,50,92,1,742.7,170.4,364.4,1277.5,147962.6256672879,11285.235917613041
131299706021057,74,3,36,35,2,428.4,88.8,220.9,738.1,148140.13206131588,14732.27718335676
131299706012030,0,0,0,0,50,35,0,30,65,144473.29374474878,445.9977321850881
131299702012053,0,0,0,0,3,2.1,0,1.8,3.9,144272.3225403413,793.3287332945536
131299704004004,0,0,0,0,8,5.6,0,4.8,10.4,139640.13780231748,95.6873714915058
131299703013014,0,0,0,0,14,9.8,0,8.4,18.2,147248.17394183774,15050.674318515612
131299705003013,134,129,0,5,74,159.6,160.8,115.9,436.3,146437.3218852802,1372.413759260111
131299704001025,59,0,0,59,55,245,70.8,115.6,431.4,148919.88931547044,17707.436201360557
131299702011005,0,0,0,0,4,2.8,0,2.4,5.2,142448.36210516567,1229.7997841461784
131299709012019,0,0,0,0,2,1.4,0,1.2,2.6,130027.14406736482,28.69328441064783
131299707004015,0,0,0,0,65,45.5,0,39,84.5,105604.9685776701,105.27691066741036
131299708012038,0,0,0,0,14,9.8,0,8.4,18.2,144604.55458550024,350.85597745219815
131299709022020,0,0,0,0,9,6.3,0,5.4,11.7,127097.4317107952,11.077982422719165
131299707003003,0,0,0,0,1,0.7,0,0.6,1.3,145506.19907879055,143.66894686053203
131299702011000,0,0,0,0,43,30.1,0,25.8,55.9,110950.01116026893,60.36725352065255
131299702011027,1,1,0,0,16,11.9,1.2,10.1,23.2,120180.65355317119,180.77835527819127
131299708011011,1,1,0,0,70,49.7,1.2,42.5,93.4,135743.43767067514,99.24495058848532
131299705001005,1,1,0,0,16,11.9,1.2,10.1,23.2,147287.13592014153,8148.9895610546455
131299701021033,0,0,0,0,8,5.6,0,4.8,10.4,21979.311234794655,10.16916108847835
131299705004043,0,0,0,0,7,4.9,0,4.2,9.1,146653.3736727035,3521.6040352866057
131299707002014,0,0,0,0,31,21.7,0,18.6,40.3,129694.5930252612,310.00488963756584
131299701022027,0,0,0,0,12,8.4,0,7.2,15.6,122335.14141704702,26.13428224415589
131299701023017,0,0,0,0,5,3.5,0,3,6.5,13936.394011369648,7.366952188478028
131299706022005,427,54,41,332,108,1619.8,512.4,749.3,2881.5,148222.34809033744,12124.434770673723
131299701023026,0,0,0,0,17,11.9,0,10.2,22.1,30878.356908108573,31.40629928408535
131299704002001,0,0,0,0,9,6.3,0,5.4,11.7,147094.92775038292,12578.240959922505
131299702021012,0,0,0,0,21,14.7,0,12.6,27.3,139435.7074473899,87.81869402601681
131299702011007,0,0,0,0,1,0.7,0,0.6,1.3,143743.99547279676,1348.7467785177412
131299709021056,0,0,0,0,7,4.9,0,4.2,9.1,115889.41946664381,1847.2636981303624
131299703011005,0,0,0,0,2,1.4,0,1.2,2.6,147667.183266509,11538.565954631133
131299703012062,0,0,0,0,5,3.5,0,3,6.5,146884.51134196538,6507.345992102811
131299705004008,0,0,0,0,61,42.7,0,36.6,79.3,147167.67190516196,3657.7265191799347
131299702012011,0,0,0,0,28,19.6,0,16.8,36.4,114394.76345829114,73.90104768336181
131299709022003,0,0,0,0,5,3.5,0,3,6.5,25198.171976530164,5.905650231915706
131299709021018,0,0,0,0,6,4.2,0,3.6,7.8,93531.78184692869,1004.6963310279318
131299702012017,4,2,0,2,37,34.3,4.8,26,65.1,121777.9206512087,67.62255319125673
131299709022023,0,0,0,0,4,2.8,0,2.4,5.2,132882.35459894303,36.120532653288905
131299709021016,0,0,0,0,21,14.7,0,12.6,27.3,89775.41807486907,109.33979656525031
131299702012021,0,0,0,0,5,3.5,0,3,6.5,114004.76138798315,18.848820028246084
131299704004007,2,0,2,0,65,62.3,2.4,48.4,113.1,134536.1789942652,147.62075658369508
131299708012015,5,5,0,0,6,7.7,6,6.1,19.8,147914.84581153066,8258.91129782531
131299705004066,10,0,0,10,6,39.2,12,17.6,68.8,148334.168866845,13592.785820363584
131299702022067,0,0,0,0,2,1.4,0,1.2,2.6,145582.92687932233,1373.4222924373908
131299708022017,0,0,0,0,38,26.6,0,22.8,49.4,142386.65693612501,52.6135051784277
131299707002004,0,0,0,0,40,28,0,24,52,36242.855281256,52.83455371679857
131299709021087,0,0,0,0,19,13.3,0,11.4,24.7,96602.29350725353,65.22404098718656
131299703023000,0,0,0,0,2,1.4,0,1.2,2.6,145162.32927719102,2294.303361240036
131299701021038,0,0,0,0,1,0.7,0,0.6,1.3,16736.416685478896,38.872805314327614
131299707003000,0,0,0,0,34,23.8,0,20.4,44.2,136161.72978773384,176.61813010219237
131299708012041,7,7,0,0,27,23.8,8.4,19.7,51.9,146758.60883751514,568.5153020579083
131299703021001,0,0,0,0,3,2.1,0,1.8,3.9,101020.24058931874,61.94476584940743
131299701011032,6,6,0,0,1,4.9,7.2,3.6,15.7,126507.58829885835,41.43237487535677
131299701011021,0,0,0,0,10,7,0,6,13,70050.41233023567,16.984511779225596
131299707002027,0,0,0,0,4,2.8,0,2.4,5.2,126886.00119954124,288.6968633020287
131299709011021,170,0,11,159,9,655.2,204,279.7,1138.9,145065.3302859895,1279.5046955983923
131299709012008,0,0,0,0,75,52.5,0,45,97.5,139955.30244044506,100.99549128222462
131299708012076,57,0,0,57,9,205.8,68.4,85.2,359.4,149055.32568511393,12283.10711318369
131299706011023,0,0,0,0,8,5.6,0,4.8,10.4,139485.27018739973,62.98412855955674
131299703023029,16,5,11,0,136,191.1,19.2,135.8,346.1,106588.27280999268,444.395095903641
131299709022027,0,0,0,0,6,4.2,0,3.6,7.8,125046.09874758097,9.025521971764258
131299708012005,0,0,0,0,2,1.4,0,1.2,2.6,146115.93238644642,2378.6166744738393
131299705003008,0,0,0,0,7,4.9,0,4.2,9.1,147283.16468607765,7060.394538555399
131299704003007,7,3,4,0,83,93.8,8.4,70.1,172.3,146577.99303879935,853.849572294391
131299707003020,1,1,0,0,10,7.7,1.2,6.5,15.4,145050.935829783,158.5413303532177
131299707003005,0,0,0,0,24,16.8,0,14.4,31.2,144208.18222721832,92.3471251175641
131299709022005,0,0,0,0,66,46.2,0,39.6,85.8,76445.99381277493,84.99270918923533
131299705003006,192,11,11,170,166,811.3,230.4,394.8,1436.5,146404.76332529803,10894.13491258441
131299707004026,0,0,0,0,19,13.3,0,11.4,24.7,108346.9688437156,82.77362991889093
131299707004014,0,0,0,0,10,7,0,6,13,111251.53666310482,16.971606861198023
